path,class,subset,fold,width,height,aspect_ratio
data\Split_smol\train\Benign keratosis\ISIC_0014593_downsampled.jpg,Benign keratosis,trainval,4,1024,764,1.3403141361256545
data\Split_smol\train\Atopic Dermatitis\2_0.jpg,Atopic Dermatitis,trainval,0,294,222,1.3243243243243243
data\Split_smol\train\Squamous cell carcinoma\ISIC_0026492.jpg,Squamous cell carcinoma,trainval,1,600,450,1.3333333333333333
data\Split_smol\val\Actinic keratosis\ISIC_0030242.jpg,Actinic keratosis,trainval,0,600,450,1.3333333333333333
data\Split_smol\train\Actinic keratosis\ISIC_0027172.jpg,Actinic keratosis,trainval,0,600,450,1.3333333333333333
data\Split_smol\train\Dermatofibroma\ISIC_0027188.jpg,Dermatofibroma,trainval,4,600,450,1.3333333333333333
data\Split_smol\train\Melanoma\ISIC_0000173.jpg,Melanoma,trainval,0,722,545,1.3247706422018348
data\Split_smol\train\Vascular lesion\ISIC_0025707.jpg,Vascular lesion,trainval,0,600,450,1.3333333333333333
data\Split_smol\train\Benign keratosis\ISIC_0014650_downsampled.jpg,Benign keratosis,trainval,0,1024,764,1.3403141361256545
data\Split_smol\train\Actinic keratosis\ISIC_0029713.jpg,Actinic keratosis,trainval,1,600,450,1.3333333333333333
data\Split_smol\train\Actinic keratosis\ISIC_0029041.jpg,Actinic keratosis,trainval,3,600,450,1.3333333333333333
data\Split_smol\train\Squamous cell carcinoma\ISIC_0027700.jpg,Squamous cell carcinoma,trainval,0,600,450,1.3333333333333333
data\Split_smol\val\Tinea Ringworm Candidiasis\aug_0_f017-012-9780323244756.jpg,Tinea Ringworm Candidiasis,trainval,2,183,161,1.1366459627329193
data\Split_smol\train\Dermatofibroma\ISIC_0024845.jpg,Dermatofibroma,trainval,2,600,450,1.3333333333333333
data\Split_smol\train\Squamous cell carcinoma\ISIC_0029043.jpg,Squamous cell carcinoma,trainval,3,600,450,1.3333333333333333
data\Split_smol\val\Melanocytic nevus\ISIC_0000065_downsampled.jpg,Melanocytic nevus,trainval,0,1024,768,1.3333333333333333
data\Split_smol\val\Melanoma\ISIC_0000554.jpg,Melanoma,trainval,2,824,719,1.1460361613351877
data\Split_smol\train\Melanocytic nevus\ISIC_0000132_downsampled.jpg,Melanocytic nevus,trainval,3,1024,768,1.3333333333333333
data\Split_smol\val\Benign keratosis\ISIC_0014633_downsampled.jpg,Benign keratosis,trainval,4,1024,764,1.3403141361256545
data\Split_smol\train\Actinic keratosis\ISIC_0026702.jpg,Actinic keratosis,trainval,1,600,450,1.3333333333333333
data\Split_smol\train\Vascular lesion\ISIC_0029889.jpg,Vascular lesion,trainval,4,600,450,1.3333333333333333
data\Split_smol\train\Tinea Ringworm Candidiasis\aug_0_Ringworm-The-identifying-ring-shaped-rash-2486729.jpg,Tinea Ringworm Candidiasis,trainval,1,590,350,1.6857142857142857
data\Split_smol\val\Squamous cell carcinoma\ISIC_0026522.jpg,Squamous cell carcinoma,trainval,4,600,450,1.3333333333333333
data\Split_smol\val\Squamous cell carcinoma\ISIC_0026327.jpg,Squamous cell carcinoma,trainval,0,600,450,1.3333333333333333
data\Split_smol\train\Melanoma\ISIC_0000297.jpg,Melanoma,trainval,0,767,576,1.3315972222222223
data\Split_smol\train\Vascular lesion\ISIC_0026336.jpg,Vascular lesion,trainval,4,600,450,1.3333333333333333
data\Split_smol\train\Benign keratosis\ISIC_0014644_downsampled.jpg,Benign keratosis,trainval,1,1024,682,1.501466275659824
data\Split_smol\train\Atopic Dermatitis\1_73.jpg,Atopic Dermatitis,trainval,0,294,222,1.3243243243243243
data\Split_smol\train\Melanoma\ISIC_0000445_downsampled.jpg,Melanoma,trainval,1,1024,768,1.3333333333333333
data\Split_smol\val\Melanocytic nevus\ISIC_0000019_downsampled.jpg,Melanocytic nevus,trainval,2,1024,768,1.3333333333333333
data\Split_smol\train\Dermatofibroma\ISIC_0028880.jpg,Dermatofibroma,trainval,2,600,450,1.3333333333333333
data\Split_smol\val\Melanoma\ISIC_0001100_downsampled.jpg,Melanoma,trainval,0,1024,768,1.3333333333333333
data\Split_smol\train\Benign keratosis\ISIC_0015044_downsampled.jpg,Benign keratosis,trainval,0,1024,683,1.499267935578331
data\Split_smol\train\Vascular lesion\ISIC_0031215.jpg,Vascular lesion,trainval,4,600,450,1.3333333333333333
data\Split_smol\val\Melanoma\ISIC_0000166.jpg,Melanoma,trainval,1,722,542,1.3321033210332103
data\Split_smol\val\Dermatofibroma\ISIC_0027626.jpg,Dermatofibroma,trainval,1,600,450,1.3333333333333333
data\Split_smol\train\Melanoma\ISIC_0000487.jpg,Melanoma,trainval,3,919,802,1.1458852867830425
data\Split_smol\val\Melanoma\ISIC_0011112.jpg,Melanoma,trainval,4,1024,768,1.3333333333333333
data\Split_smol\train\Melanoma\ISIC_0000307.jpg,Melanoma,trainval,1,767,576,1.3315972222222223
data\Split_smol\train\Melanocytic nevus\ISIC_0000059_downsampled.jpg,Melanocytic nevus,trainval,2,1024,768,1.3333333333333333
data\Split_smol\val\Benign keratosis\ISIC_0014603_downsampled.jpg,Benign keratosis,trainval,4,1024,764,1.3403141361256545
data\Split_smol\train\Melanocytic nevus\ISIC_0000130_downsampled.jpg,Melanocytic nevus,trainval,1,1024,768,1.3333333333333333
data\Split_smol\train\Squamous cell carcinoma\ISIC_0024575.jpg,Squamous cell carcinoma,trainval,0,600,450,1.3333333333333333
data\Split_smol\train\Melanoma\ISIC_0000278.jpg,Melanoma,trainval,3,1024,768,1.3333333333333333
data\Split_smol\train\Benign keratosis\ISIC_0014587_downsampled.jpg,Benign keratosis,trainval,0,1024,764,1.3403141361256545
data\Split_smol\train\Atopic Dermatitis\2_10.jpg,Atopic Dermatitis,trainval,3,294,222,1.3243243243243243
data\Split_smol\train\Vascular lesion\ISIC_0025244.jpg,Vascular lesion,trainval,0,600,450,1.3333333333333333
data\Split_smol\train\Actinic keratosis\ISIC_0028941.jpg,Actinic keratosis,trainval,1,600,450,1.3333333333333333
data\Split_smol\train\Vascular lesion\ISIC_0026467.jpg,Vascular lesion,trainval,1,600,450,1.3333333333333333
data\Split_smol\val\Melanoma\ISIC_0000175.jpg,Melanoma,trainval,1,966,638,1.5141065830721003
data\Split_smol\train\Vascular lesion\ISIC_0031901.jpg,Vascular lesion,trainval,0,600,450,1.3333333333333333
data\Split_smol\train\Melanocytic nevus\ISIC_0000052_downsampled.jpg,Melanocytic nevus,trainval,4,1024,768,1.3333333333333333
data\Split_smol\train\Atopic Dermatitis\1_30.jpg,Atopic Dermatitis,trainval,1,294,222,1.3243243243243243
data\Split_smol\train\Squamous cell carcinoma\ISIC_0026203.jpg,Squamous cell carcinoma,trainval,1,600,450,1.3333333333333333
data\Split_smol\train\Vascular lesion\ISIC_0031090.jpg,Vascular lesion,trainval,1,600,450,1.3333333333333333
data\Split_smol\train\Squamous cell carcinoma\ISIC_0028816.jpg,Squamous cell carcinoma,trainval,0,600,450,1.3333333333333333
data\Split_smol\train\Atopic Dermatitis\2_20.jpg,Atopic Dermatitis,trainval,2,294,222,1.3243243243243243
data\Split_smol\train\Actinic keratosis\ISIC_0031108.jpg,Actinic keratosis,trainval,4,600,450,1.3333333333333333
data\Split_smol\train\Actinic keratosis\ISIC_0026625.jpg,Actinic keratosis,trainval,3,600,450,1.3333333333333333
data\Split_smol\train\Dermatofibroma\ISIC_0029248.jpg,Dermatofibroma,trainval,2,600,450,1.3333333333333333
data\Split_smol\train\Benign keratosis\ISIC_0014599_downsampled.jpg,Benign keratosis,trainval,1,1024,764,1.3403141361256545
data\Split_smol\val\Dermatofibroma\ISIC_0031443.jpg,Dermatofibroma,trainval,4,600,450,1.3333333333333333
data\Split_smol\train\Melanoma\ISIC_0000167.jpg,Melanoma,trainval,3,965,624,1.546474358974359
data\Split_smol\train\Melanoma\ISIC_0000165.jpg,Melanoma,trainval,0,961,649,1.4807395993836672
data\Split_smol\train\Tinea Ringworm Candidiasis\aug_0_11046_2008_9101_Fig2_HTML.jpg,Tinea Ringworm Candidiasis,trainval,0,157,119,1.319327731092437
data\Split_smol\train\Vascular lesion\ISIC_0030882.jpg,Vascular lesion,trainval,2,600,450,1.3333333333333333
data\Split_smol\train\Dermatofibroma\ISIC_0032468.jpg,Dermatofibroma,trainval,4,600,450,1.3333333333333333
data\Split_smol\train\Melanocytic nevus\ISIC_0000039_downsampled.jpg,Melanocytic nevus,trainval,1,1024,768,1.3333333333333333
data\Split_smol\train\Vascular lesion\ISIC_0028885.jpg,Vascular lesion,trainval,2,600,450,1.3333333333333333
data\Split_smol\train\Dermatofibroma\ISIC_0029177.jpg,Dermatofibroma,trainval,4,600,450,1.3333333333333333
data\Split_smol\train\Melanoma\ISIC_0000159.jpg,Melanoma,trainval,2,965,724,1.3328729281767955
data\Split_smol\train\Dermatofibroma\ISIC_0031735.jpg,Dermatofibroma,trainval,1,600,450,1.3333333333333333
data\Split_smol\train\Atopic Dermatitis\1_32.jpg,Atopic Dermatitis,trainval,1,294,222,1.3243243243243243
data\Split_smol\train\Actinic keratosis\ISIC_0029141.jpg,Actinic keratosis,trainval,0,600,450,1.3333333333333333
data\Split_smol\val\Dermatofibroma\ISIC_0024330.jpg,Dermatofibroma,trainval,2,600,450,1.3333333333333333
data\Split_smol\val\Benign keratosis\ISIC_0015220_downsampled.jpg,Benign keratosis,trainval,0,1024,680,1.5058823529411764
data\Split_smol\train\Vascular lesion\ISIC_0026490.jpg,Vascular lesion,trainval,3,600,450,1.3333333333333333
data\Split_smol\train\Vascular lesion\ISIC_0026693.jpg,Vascular lesion,trainval,4,600,450,1.3333333333333333
data\Split_smol\train\Benign keratosis\ISIC_0014770_downsampled.jpg,Benign keratosis,trainval,3,1024,671,1.526080476900149
data\Split_smol\val\Actinic keratosis\ISIC_0027896.jpg,Actinic keratosis,trainval,3,600,450,1.3333333333333333
data\Split_smol\val\Squamous cell carcinoma\ISIC_0025712.jpg,Squamous cell carcinoma,trainval,0,600,450,1.3333333333333333
data\Split_smol\train\Tinea Ringworm Candidiasis\aug_0_Screenshot 2021-09-14 112815.png,Tinea Ringworm Candidiasis,trainval,1,521,445,1.1707865168539326
data\Split_smol\train\Squamous cell carcinoma\ISIC_0028644.jpg,Squamous cell carcinoma,trainval,1,600,450,1.3333333333333333
data\Split_smol\val\Dermatofibroma\ISIC_0025154.jpg,Dermatofibroma,trainval,3,600,450,1.3333333333333333
data\Split_smol\train\Tinea Ringworm Candidiasis\aug_0_Screenshot 2021-09-14 112937.png,Tinea Ringworm Candidiasis,trainval,1,788,502,1.5697211155378485
data\Split_smol\train\Squamous cell carcinoma\ISIC_0024372.jpg,Squamous cell carcinoma,trainval,2,600,450,1.3333333333333333
data\Split_smol\train\Benign keratosis\ISIC_0014571_downsampled.jpg,Benign keratosis,trainval,2,1024,764,1.3403141361256545
data\Split_smol\train\Benign keratosis\ISIC_0014618_downsampled.jpg,Benign keratosis,trainval,2,1024,764,1.3403141361256545
data\Split_smol\train\Benign keratosis\ISIC_0014615_downsampled.jpg,Benign keratosis,trainval,2,1024,764,1.3403141361256545
data\Split_smol\train\Squamous cell carcinoma\ISIC_0025471.jpg,Squamous cell carcinoma,trainval,1,600,450,1.3333333333333333
data\Split_smol\train\Squamous cell carcinoma\ISIC_0026927.jpg,Squamous cell carcinoma,trainval,2,600,450,1.3333333333333333
data\Split_smol\train\Benign keratosis\ISIC_0014616_downsampled.jpg,Benign keratosis,trainval,4,1024,764,1.3403141361256545
data\Split_smol\train\Melanocytic nevus\ISIC_0000104_downsampled.jpg,Melanocytic nevus,trainval,4,1024,768,1.3333333333333333
data\Split_smol\train\Melanoma\ISIC_0000036_downsampled.jpg,Melanoma,trainval,0,1024,768,1.3333333333333333
data\Split_smol\train\Melanoma\ISIC_0000303.jpg,Melanoma,trainval,2,767,576,1.3315972222222223
data\Split_smol\train\Benign keratosis\ISIC_0014620_downsampled.jpg,Benign keratosis,trainval,3,1024,764,1.3403141361256545
data\Split_smol\train\Actinic keratosis\ISIC_0025953.jpg,Actinic keratosis,trainval,4,600,450,1.3333333333333333
data\Split_smol\train\Melanoma\ISIC_0000415_downsampled.jpg,Melanoma,trainval,4,1024,768,1.3333333333333333
data\Split_smol\train\Tinea Ringworm Candidiasis\aug_0_afp20141115p702-f1.jpg,Tinea Ringworm Candidiasis,trainval,3,300,249,1.2048192771084338
data\Split_smol\train\Vascular lesion\ISIC_0029404.jpg,Vascular lesion,trainval,4,600,450,1.3333333333333333
data\Split_smol\train\Melanoma\ISIC_0000156_downsampled.jpg,Melanoma,trainval,3,1024,768,1.3333333333333333
data\Split_smol\val\Actinic keratosis\ISIC_0026194.jpg,Actinic keratosis,trainval,3,600,450,1.3333333333333333
data\Split_smol\train\Benign keratosis\ISIC_0014819_downsampled.jpg,Benign keratosis,trainval,3,1024,683,1.499267935578331
data\Split_smol\train\Dermatofibroma\ISIC_0032138.jpg,Dermatofibroma,trainval,4,600,450,1.3333333333333333
data\Split_smol\train\Tinea Ringworm Candidiasis\aug_0_Direct-microscopic-examination-revealed-endothrix-infection-with-chains-of-conidia-in-and_Q320.jpg,Tinea Ringworm Candidiasis,trainval,1,208,222,0.9369369369369369
data\Split_smol\train\Melanoma\ISIC_0000393_downsampled.jpg,Melanoma,trainval,2,1024,768,1.3333333333333333
data\Split_smol\train\Squamous cell carcinoma\ISIC_0025069.jpg,Squamous cell carcinoma,trainval,2,600,450,1.3333333333333333
data\Split_smol\val\Melanocytic nevus\ISIC_0000058_downsampled.jpg,Melanocytic nevus,trainval,3,1024,768,1.3333333333333333
data\Split_smol\train\Dermatofibroma\ISIC_0025594.jpg,Dermatofibroma,trainval,0,600,450,1.3333333333333333
data\Split_smol\train\Vascular lesion\ISIC_0031950.jpg,Vascular lesion,trainval,3,600,450,1.3333333333333333
data\Split_smol\train\Tinea Ringworm Candidiasis\aug_0_Screenshot 2021-09-14 112150.png,Tinea Ringworm Candidiasis,trainval,3,497,400,1.2425
data\Split_smol\val\Squamous cell carcinoma\ISIC_0027303.jpg,Squamous cell carcinoma,trainval,3,600,450,1.3333333333333333
data\Split_smol\train\Melanoma\ISIC_0000281.jpg,Melanoma,trainval,2,1024,768,1.3333333333333333
data\Split_smol\train\Atopic Dermatitis\1_53.jpg,Atopic Dermatitis,trainval,2,294,222,1.3243243243243243
data\Split_smol\train\Dermatofibroma\ISIC_0025622.jpg,Dermatofibroma,trainval,1,600,450,1.3333333333333333
data\Split_smol\train\Dermatofibroma\ISIC_0031344.jpg,Dermatofibroma,trainval,0,600,450,1.3333333333333333
data\Split_smol\train\Melanocytic nevus\ISIC_0000095_downsampled.jpg,Melanocytic nevus,trainval,1,1024,768,1.3333333333333333
data\Split_smol\train\Melanocytic nevus\ISIC_0000069.jpg,Melanocytic nevus,trainval,2,1022,767,1.332464146023468
data\Split_smol\train\Actinic keratosis\ISIC_0030655.jpg,Actinic keratosis,trainval,1,600,450,1.3333333333333333
data\Split_smol\train\Actinic keratosis\ISIC_0024800.jpg,Actinic keratosis,trainval,1,600,450,1.3333333333333333
data\Split_smol\val\Vascular lesion\ISIC_0032545.jpg,Vascular lesion,trainval,3,600,450,1.3333333333333333
data\Split_smol\train\Vascular lesion\ISIC_0025250.jpg,Vascular lesion,trainval,3,600,450,1.3333333333333333
data\Split_smol\train\Actinic keratosis\ISIC_0024948.jpg,Actinic keratosis,trainval,4,600,450,1.3333333333333333
data\Split_smol\train\Actinic keratosis\ISIC_0025780.jpg,Actinic keratosis,trainval,0,600,450,1.3333333333333333
data\Split_smol\train\Melanocytic nevus\ISIC_0000073.jpg,Melanocytic nevus,trainval,3,1022,767,1.332464146023468
data\Split_smol\train\Atopic Dermatitis\2_27.jpg,Atopic Dermatitis,trainval,1,294,222,1.3243243243243243
data\Split_smol\train\Actinic keratosis\ISIC_0031430.jpg,Actinic keratosis,trainval,4,600,450,1.3333333333333333
data\Split_smol\train\Dermatofibroma\ISIC_0029891.jpg,Dermatofibroma,trainval,3,600,450,1.3333333333333333
data\Split_smol\val\Melanocytic nevus\ISIC_0000097_downsampled.jpg,Melanocytic nevus,trainval,3,1024,768,1.3333333333333333
data\Split_smol\train\Benign keratosis\ISIC_0014601_downsampled.jpg,Benign keratosis,trainval,1,1024,764,1.3403141361256545
data\Split_smol\train\Atopic Dermatitis\1_59.jpg,Atopic Dermatitis,trainval,3,294,222,1.3243243243243243
data\Split_smol\train\Atopic Dermatitis\2_4.jpg,Atopic Dermatitis,trainval,3,294,222,1.3243243243243243
data\Split_smol\train\Squamous cell carcinoma\ISIC_0025808.jpg,Squamous cell carcinoma,trainval,2,600,450,1.3333333333333333
data\Split_smol\train\Squamous cell carcinoma\ISIC_0024522.jpg,Squamous cell carcinoma,trainval,1,600,450,1.3333333333333333
data\Split_smol\train\Actinic keratosis\ISIC_0030133.jpg,Actinic keratosis,trainval,0,600,450,1.3333333333333333
data\Split_smol\train\Squamous cell carcinoma\ISIC_0025831.jpg,Squamous cell carcinoma,trainval,0,600,450,1.3333333333333333
data\Split_smol\train\Melanoma\ISIC_0000292.jpg,Melanoma,trainval,2,1024,768,1.3333333333333333
data\Split_smol\train\Melanoma\ISIC_0000029_downsampled.jpg,Melanoma,trainval,4,1024,768,1.3333333333333333
data\Split_smol\train\Melanoma\ISIC_0000277.jpg,Melanoma,trainval,1,1024,768,1.3333333333333333
data\Split_smol\train\Actinic keratosis\ISIC_0029830.jpg,Actinic keratosis,trainval,3,600,450,1.3333333333333333
data\Split_smol\train\Vascular lesion\ISIC_0031955.jpg,Vascular lesion,trainval,2,600,450,1.3333333333333333
data\Split_smol\train\Atopic Dermatitis\1_45.jpg,Atopic Dermatitis,trainval,0,294,222,1.3243243243243243
data\Split_smol\train\Dermatofibroma\ISIC_0025911.jpg,Dermatofibroma,trainval,2,600,450,1.3333333333333333
data\Split_smol\train\Tinea Ringworm Candidiasis\aug_0_pha-259018.jpg,Tinea Ringworm Candidiasis,trainval,1,615,578,1.0640138408304498
data\Split_smol\train\Squamous cell carcinoma\ISIC_0025130.jpg,Squamous cell carcinoma,trainval,4,600,450,1.3333333333333333
data\Split_smol\train\Actinic keratosis\ISIC_0024771.jpg,Actinic keratosis,trainval,3,600,450,1.3333333333333333
data\Split_smol\train\Squamous cell carcinoma\ISIC_0027577.jpg,Squamous cell carcinoma,trainval,2,600,450,1.3333333333333333
data\Split_smol\train\Melanoma\ISIC_0000293.jpg,Melanoma,trainval,3,1024,768,1.3333333333333333
data\Split_smol\train\Vascular lesion\ISIC_0025321.jpg,Vascular lesion,trainval,2,600,450,1.3333333333333333
data\Split_smol\train\Dermatofibroma\ISIC_0028346.jpg,Dermatofibroma,trainval,4,600,450,1.3333333333333333
data\Split_smol\val\Vascular lesion\ISIC_0033991.jpg,Vascular lesion,trainval,0,600,450,1.3333333333333333
data\Split_smol\train\Dermatofibroma\ISIC_0030021.jpg,Dermatofibroma,trainval,0,600,450,1.3333333333333333
data\Split_smol\train\Squamous cell carcinoma\ISIC_0027343.jpg,Squamous cell carcinoma,trainval,1,600,450,1.3333333333333333
data\Split_smol\train\Dermatofibroma\ISIC_0027044.jpg,Dermatofibroma,trainval,3,600,450,1.3333333333333333
data\Split_smol\train\Squamous cell carcinoma\ISIC_0027506.jpg,Squamous cell carcinoma,trainval,1,600,450,1.3333333333333333
data\Split_smol\train\Dermatofibroma\ISIC_0027613.jpg,Dermatofibroma,trainval,3,600,450,1.3333333333333333
data\Split_smol\train\Melanoma\ISIC_0000276.jpg,Melanoma,trainval,4,1024,768,1.3333333333333333
data\Split_smol\train\Melanocytic nevus\ISIC_0000133_downsampled.jpg,Melanocytic nevus,trainval,2,1024,768,1.3333333333333333
data\Split_smol\train\Melanocytic nevus\ISIC_0000129_downsampled.jpg,Melanocytic nevus,trainval,0,1024,768,1.3333333333333333
data\Split_smol\train\Melanocytic nevus\ISIC_0000091_downsampled.jpg,Melanocytic nevus,trainval,3,1024,768,1.3333333333333333
data\Split_smol\train\Actinic keratosis\ISIC_0029900.jpg,Actinic keratosis,trainval,3,600,450,1.3333333333333333
data\Split_smol\train\Actinic keratosis\ISIC_0031381.jpg,Actinic keratosis,trainval,1,600,450,1.3333333333333333
data\Split_smol\train\Actinic keratosis\ISIC_0024913.jpg,Actinic keratosis,trainval,4,600,450,1.3333333333333333
data\Split_smol\train\Benign keratosis\ISIC_0014596_downsampled.jpg,Benign keratosis,trainval,4,1024,764,1.3403141361256545
data\Split_smol\train\Melanoma\ISIC_0000306.jpg,Melanoma,trainval,3,767,576,1.3315972222222223
data\Split_smol\train\Benign keratosis\ISIC_0014831_downsampled.jpg,Benign keratosis,trainval,2,1024,681,1.5036710719530102
data\Split_smol\train\Dermatofibroma\ISIC_0028735.jpg,Dermatofibroma,trainval,4,600,450,1.3333333333333333
data\Split_smol\val\Actinic keratosis\ISIC_0030036.jpg,Actinic keratosis,trainval,0,600,450,1.3333333333333333
data\Split_smol\train\Tinea Ringworm Candidiasis\aug_0_Screenshot 2021-09-14 112113.png,Tinea Ringworm Candidiasis,trainval,4,883,808,1.0928217821782178
data\Split_smol\val\Melanoma\ISIC_0000172.jpg,Melanoma,trainval,2,962,674,1.427299703264095
data\Split_smol\train\Actinic keratosis\ISIC_0027884.jpg,Actinic keratosis,trainval,3,600,450,1.3333333333333333
data\Split_smol\train\Melanoma\ISIC_0000466.jpg,Melanoma,trainval,1,919,802,1.1458852867830425
data\Split_smol\train\Melanocytic nevus\ISIC_0000006.jpg,Melanocytic nevus,trainval,3,1022,767,1.332464146023468
data\Split_smol\train\Squamous cell carcinoma\ISIC_0026152.jpg,Squamous cell carcinoma,trainval,0,600,450,1.3333333333333333
data\Split_smol\val\Benign keratosis\ISIC_0014617_downsampled.jpg,Benign keratosis,trainval,2,1024,764,1.3403141361256545
data\Split_smol\train\Atopic Dermatitis\1_80.jpg,Atopic Dermatitis,trainval,4,294,222,1.3243243243243243
data\Split_smol\train\Squamous cell carcinoma\ISIC_0026720.jpg,Squamous cell carcinoma,trainval,1,600,450,1.3333333333333333
data\Split_smol\train\Atopic Dermatitis\1_39.jpg,Atopic Dermatitis,trainval,1,294,222,1.3243243243243243
data\Split_smol\train\Melanocytic nevus\ISIC_0000053_downsampled.jpg,Melanocytic nevus,trainval,4,1024,768,1.3333333333333333
data\Split_smol\train\Actinic keratosis\ISIC_0027536.jpg,Actinic keratosis,trainval,4,600,450,1.3333333333333333
data\Split_smol\train\Benign keratosis\ISIC_0014600_downsampled.jpg,Benign keratosis,trainval,0,1024,764,1.3403141361256545
data\Split_smol\train\Vascular lesion\ISIC_0031201.jpg,Vascular lesion,trainval,3,600,450,1.3333333333333333
data\Split_smol\train\Dermatofibroma\ISIC_0032247.jpg,Dermatofibroma,trainval,4,600,450,1.3333333333333333
data\Split_smol\train\Melanoma\ISIC_0000294.jpg,Melanoma,trainval,0,1024,768,1.3333333333333333
data\Split_smol\train\Melanoma\ISIC_0000169.jpg,Melanoma,trainval,0,722,542,1.3321033210332103
data\Split_smol\train\Vascular lesion\ISIC_0024370.jpg,Vascular lesion,trainval,0,600,450,1.3333333333333333
data\Split_smol\train\Atopic Dermatitis\1_71.jpg,Atopic Dermatitis,trainval,1,294,222,1.3243243243243243
data\Split_smol\train\Melanoma\ISIC_0000035_downsampled.jpg,Melanoma,trainval,2,1024,768,1.3333333333333333
data\Split_smol\train\Squamous cell carcinoma\ISIC_0028335.jpg,Squamous cell carcinoma,trainval,4,600,450,1.3333333333333333
data\Split_smol\train\Vascular lesion\ISIC_0031270.jpg,Vascular lesion,trainval,0,600,450,1.3333333333333333
data\Split_smol\train\Melanocytic nevus\ISIC_0000082_downsampled.jpg,Melanocytic nevus,trainval,0,1024,768,1.3333333333333333
data\Split_smol\train\Tinea Ringworm Candidiasis\aug_0_Screenshot 2021-09-14 112650.png,Tinea Ringworm Candidiasis,trainval,3,308,362,0.850828729281768
data\Split_smol\train\Benign keratosis\ISIC_0014806_downsampled.jpg,Benign keratosis,trainval,1,1024,681,1.5036710719530102
data\Split_smol\train\Dermatofibroma\ISIC_0027488.jpg,Dermatofibroma,trainval,2,600,450,1.3333333333333333
data\Split_smol\train\Tinea Ringworm Candidiasis\aug_0_15436_lores.jpg,Tinea Ringworm Candidiasis,trainval,3,358,434,0.8248847926267281
data\Split_smol\train\Benign keratosis\ISIC_0014611_downsampled.jpg,Benign keratosis,trainval,2,1024,764,1.3403141361256545
data\Split_smol\train\Actinic keratosis\ISIC_0029309.jpg,Actinic keratosis,trainval,4,600,450,1.3333333333333333
data\Split_smol\train\Vascular lesion\ISIC_0031276.jpg,Vascular lesion,trainval,3,600,450,1.3333333333333333
data\Split_smol\train\Melanoma\ISIC_0000282.jpg,Melanoma,trainval,2,1024,768,1.3333333333333333
data\Split_smol\val\Melanoma\ISIC_0011135.jpg,Melanoma,trainval,0,1024,768,1.3333333333333333
data\Split_smol\train\Melanocytic nevus\ISIC_0000099_downsampled.jpg,Melanocytic nevus,trainval,3,1024,768,1.3333333333333333
data\Split_smol\train\Melanoma\ISIC_0000149_downsampled.jpg,Melanoma,trainval,4,1024,768,1.3333333333333333
data\Split_smol\train\Melanocytic nevus\ISIC_0000010.jpg,Melanocytic nevus,trainval,0,1022,767,1.332464146023468
data\Split_smol\val\Dermatofibroma\ISIC_0030442.jpg,Dermatofibroma,trainval,0,600,450,1.3333333333333333
data\Split_smol\train\Squamous cell carcinoma\ISIC_0028372.jpg,Squamous cell carcinoma,trainval,3,600,450,1.3333333333333333
data\Split_smol\train\Squamous cell carcinoma\ISIC_0028872.jpg,Squamous cell carcinoma,trainval,0,600,450,1.3333333333333333
data\Split_smol\train\Benign keratosis\ISIC_0014634_downsampled.jpg,Benign keratosis,trainval,1,1024,764,1.3403141361256545
data\Split_smol\val\Melanocytic nevus\ISIC_0000101_downsampled.jpg,Melanocytic nevus,trainval,4,1024,768,1.3333333333333333
data\Split_smol\train\Benign keratosis\ISIC_0014585_downsampled.jpg,Benign keratosis,trainval,0,1024,682,1.501466275659824
data\Split_smol\val\Vascular lesion\ISIC_0031197.jpg,Vascular lesion,trainval,0,600,450,1.3333333333333333
data\Split_smol\val\Dermatofibroma\ISIC_0029824.jpg,Dermatofibroma,trainval,3,600,450,1.3333333333333333
data\Split_smol\train\Melanoma\ISIC_0000013.jpg,Melanoma,trainval,2,1022,767,1.332464146023468
data\Split_smol\train\Squamous cell carcinoma\ISIC_0028158.jpg,Squamous cell carcinoma,trainval,4,600,450,1.3333333333333333
data\Split_smol\train\Dermatofibroma\ISIC_0031827.jpg,Dermatofibroma,trainval,4,600,450,1.3333333333333333
data\Split_smol\train\Tinea Ringworm Candidiasis\aug_0_Rid-of-Ringworm-HS001.jpg,Tinea Ringworm Candidiasis,trainval,1,741,494,1.5
data\Split_smol\train\Dermatofibroma\ISIC_0027745.jpg,Dermatofibroma,trainval,0,600,450,1.3333333333333333
data\Split_smol\train\Melanocytic nevus\ISIC_0000014.jpg,Melanocytic nevus,trainval,3,1022,767,1.332464146023468
data\Split_smol\train\Benign keratosis\ISIC_0015032_downsampled.jpg,Benign keratosis,trainval,3,1024,680,1.5058823529411764
data\Split_smol\train\Melanocytic nevus\ISIC_0000102_downsampled.jpg,Melanocytic nevus,trainval,4,1024,768,1.3333333333333333
data\Split_smol\train\Benign keratosis\ISIC_0014723_downsampled.jpg,Benign keratosis,trainval,0,1024,679,1.508100147275405
data\Split_smol\train\Vascular lesion\ISIC_0029099.jpg,Vascular lesion,trainval,0,600,450,1.3333333333333333
data\Split_smol\train\Squamous cell carcinoma\ISIC_0027047.jpg,Squamous cell carcinoma,trainval,0,600,450,1.3333333333333333
data\Split_smol\train\Melanoma\ISIC_0000395_downsampled.jpg,Melanoma,trainval,1,1024,768,1.3333333333333333
data\Split_smol\train\Actinic keratosis\ISIC_0028063.jpg,Actinic keratosis,trainval,3,600,450,1.3333333333333333
data\Split_smol\train\Vascular lesion\ISIC_0029439.jpg,Vascular lesion,trainval,4,600,450,1.3333333333333333
data\Split_smol\val\Dermatofibroma\ISIC_0027648.jpg,Dermatofibroma,trainval,4,600,450,1.3333333333333333
data\Split_smol\train\Benign keratosis\ISIC_0014597_downsampled.jpg,Benign keratosis,trainval,2,1024,764,1.3403141361256545
data\Split_smol\val\Benign keratosis\ISIC_0015233_downsampled.jpg,Benign keratosis,trainval,1,1024,678,1.5103244837758112
data\Split_smol\train\Squamous cell carcinoma\ISIC_0028499.jpg,Squamous cell carcinoma,trainval,2,600,450,1.3333333333333333
data\Split_smol\train\Melanocytic nevus\ISIC_0000061_downsampled.jpg,Melanocytic nevus,trainval,4,1024,768,1.3333333333333333
data\Split_smol\train\Vascular lesion\ISIC_0027269.jpg,Vascular lesion,trainval,3,600,450,1.3333333333333333
data\Split_smol\val\Melanoma\ISIC_0000550.jpg,Melanoma,trainval,2,824,719,1.1460361613351877
data\Split_smol\train\Atopic Dermatitis\1_16.jpg,Atopic Dermatitis,trainval,0,294,222,1.3243243243243243
data\Split_smol\train\Benign keratosis\ISIC_0014711_downsampled.jpg,Benign keratosis,trainval,2,1024,681,1.5036710719530102
data\Split_smol\train\Tinea Ringworm Candidiasis\aug_0_maxresdefault.jpg,Tinea Ringworm Candidiasis,trainval,2,605,554,1.092057761732852
data\Split_smol\train\Actinic keratosis\ISIC_0027615.jpg,Actinic keratosis,trainval,2,600,450,1.3333333333333333
data\Split_smol\val\Dermatofibroma\ISIC_0029967.jpg,Dermatofibroma,trainval,0,600,450,1.3333333333333333
data\Split_smol\train\Squamous cell carcinoma\ISIC_0026388.jpg,Squamous cell carcinoma,trainval,4,600,450,1.3333333333333333
data\Split_smol\train\Benign keratosis\ISIC_0014578_downsampled.jpg,Benign keratosis,trainval,2,1024,764,1.3403141361256545
data\Split_smol\train\Melanoma\ISIC_0000311.jpg,Melanoma,trainval,1,767,576,1.3315972222222223
data\Split_smol\val\Actinic keratosis\ISIC_0026468.jpg,Actinic keratosis,trainval,2,600,450,1.3333333333333333
data\Split_smol\train\Actinic keratosis\ISIC_0024763.jpg,Actinic keratosis,trainval,1,600,450,1.3333333333333333
data\Split_smol\train\Actinic keratosis\ISIC_0026525.jpg,Actinic keratosis,trainval,0,600,450,1.3333333333333333
data\Split_smol\train\Benign keratosis\ISIC_0014573_downsampled.jpg,Benign keratosis,trainval,4,1024,764,1.3403141361256545
data\Split_smol\train\Squamous cell carcinoma\ISIC_0026992.jpg,Squamous cell carcinoma,trainval,2,600,450,1.3333333333333333
data\Split_smol\train\Melanoma\ISIC_0000434_downsampled.jpg,Melanoma,trainval,4,1024,768,1.3333333333333333
data\Split_smol\val\Melanoma\ISIC_0010240.jpg,Melanoma,trainval,4,1024,768,1.3333333333333333
data\Split_smol\train\Melanocytic nevus\ISIC_0000044_downsampled.jpg,Melanocytic nevus,trainval,3,1024,768,1.3333333333333333
data\Split_smol\train\Actinic keratosis\ISIC_0029840.jpg,Actinic keratosis,trainval,3,600,450,1.3333333333333333
data\Split_smol\train\Atopic Dermatitis\1_17.jpg,Atopic Dermatitis,trainval,4,294,222,1.3243243243243243
data\Split_smol\train\Benign keratosis\ISIC_0014639_downsampled.jpg,Benign keratosis,trainval,0,1024,764,1.3403141361256545
data\Split_smol\train\Atopic Dermatitis\1_76.jpg,Atopic Dermatitis,trainval,0,294,222,1.3243243243243243
data\Split_smol\train\Vascular lesion\ISIC_0026163.jpg,Vascular lesion,trainval,0,600,450,1.3333333333333333
data\Split_smol\train\Melanocytic nevus\ISIC_0000134_downsampled.jpg,Melanocytic nevus,trainval,1,1024,768,1.3333333333333333
data\Split_smol\train\Vascular lesion\ISIC_0029448.jpg,Vascular lesion,trainval,1,600,450,1.3333333333333333
data\Split_smol\train\Melanocytic nevus\ISIC_0000111_downsampled.jpg,Melanocytic nevus,trainval,2,1024,768,1.3333333333333333
data\Split_smol\train\Actinic keratosis\ISIC_0027950.jpg,Actinic keratosis,trainval,0,600,450,1.3333333333333333
data\Split_smol\train\Tinea Ringworm Candidiasis\aug_0_241-1.jpg,Tinea Ringworm Candidiasis,trainval,4,500,368,1.358695652173913
data\Split_smol\train\Dermatofibroma\ISIC_0031309.jpg,Dermatofibroma,trainval,0,600,450,1.3333333333333333
data\Split_smol\train\Vascular lesion\ISIC_0027665.jpg,Vascular lesion,trainval,4,600,450,1.3333333333333333
data\Split_smol\train\Melanoma\ISIC_0000148_downsampled.jpg,Melanoma,trainval,2,1024,768,1.3333333333333333
data\Split_smol\train\Melanocytic nevus\ISIC_0000136_downsampled.jpg,Melanocytic nevus,trainval,2,1024,768,1.3333333333333333
data\Split_smol\train\Atopic Dermatitis\2_22.jpg,Atopic Dermatitis,trainval,1,294,222,1.3243243243243243
data\Split_smol\train\Vascular lesion\ISIC_0030722.jpg,Vascular lesion,trainval,3,600,450,1.3333333333333333
data\Split_smol\train\Melanoma\ISIC_0000288.jpg,Melanoma,trainval,3,1024,768,1.3333333333333333
data\Split_smol\train\Melanocytic nevus\ISIC_0000079_downsampled.jpg,Melanocytic nevus,trainval,0,1024,768,1.3333333333333333
data\Split_smol\train\Tinea Ringworm Candidiasis\aug_0_gr6.jpg,Tinea Ringworm Candidiasis,trainval,3,297,185,1.6054054054054054
data\Split_smol\val\Benign keratosis\ISIC_0014609_downsampled.jpg,Benign keratosis,trainval,3,1024,764,1.3403141361256545
data\Split_smol\train\Dermatofibroma\ISIC_0031002.jpg,Dermatofibroma,trainval,0,600,450,1.3333333333333333
data\Split_smol\train\Benign keratosis\ISIC_0014574_downsampled.jpg,Benign keratosis,trainval,0,1024,764,1.3403141361256545
data\Split_smol\val\Benign keratosis\ISIC_0015170_downsampled.jpg,Benign keratosis,trainval,4,1024,679,1.508100147275405
data\Split_smol\val\Tinea Ringworm Candidiasis\aug_0_f017-012-9780323244756-1.jpg,Tinea Ringworm Candidiasis,trainval,4,92,197,0.467005076142132
data\Split_smol\train\Actinic keratosis\ISIC_0025957.jpg,Actinic keratosis,trainval,3,600,450,1.3333333333333333
data\Split_smol\val\Actinic keratosis\ISIC_0029915.jpg,Actinic keratosis,trainval,4,600,450,1.3333333333333333
data\Split_smol\train\Tinea Ringworm Candidiasis\aug_0_afp20080515p1415-f2.jpg,Tinea Ringworm Candidiasis,trainval,0,270,210,1.2857142857142858
data\Split_smol\train\Melanoma\ISIC_0000174.jpg,Melanoma,trainval,4,960,724,1.3259668508287292
data\Split_smol\train\Benign keratosis\ISIC_0014594_downsampled.jpg,Benign keratosis,trainval,3,1024,764,1.3403141361256545
data\Split_smol\train\Melanocytic nevus\ISIC_0000000.jpg,Melanocytic nevus,trainval,4,1022,767,1.332464146023468
data\Split_smol\train\Melanocytic nevus\ISIC_0000092_downsampled.jpg,Melanocytic nevus,trainval,4,1024,768,1.3333333333333333
data\Split_smol\train\Melanocytic nevus\ISIC_0000066.jpg,Melanocytic nevus,trainval,4,962,722,1.332409972299169
data\Split_smol\train\Actinic keratosis\ISIC_0028190.jpg,Actinic keratosis,trainval,2,600,450,1.3333333333333333
data\Split_smol\val\Dermatofibroma\ISIC_0024994.jpg,Dermatofibroma,trainval,0,600,450,1.3333333333333333
data\Split_smol\train\Melanocytic nevus\ISIC_0000086_downsampled.jpg,Melanocytic nevus,trainval,0,1024,768,1.3333333333333333
data\Split_smol\train\Melanoma\ISIC_0000141_downsampled.jpg,Melanoma,trainval,4,1024,768,1.3333333333333333
data\Split_smol\train\Actinic keratosis\ISIC_0027650.jpg,Actinic keratosis,trainval,4,600,450,1.3333333333333333
data\Split_smol\train\Dermatofibroma\ISIC_0027727.jpg,Dermatofibroma,trainval,1,600,450,1.3333333333333333
data\Split_smol\train\Actinic keratosis\ISIC_0031292.jpg,Actinic keratosis,trainval,2,600,450,1.3333333333333333
data\Split_smol\train\Benign keratosis\ISIC_0015006_downsampled.jpg,Benign keratosis,trainval,1,1024,681,1.5036710719530102
data\Split_smol\train\Squamous cell carcinoma\ISIC_0024463.jpg,Squamous cell carcinoma,trainval,1,600,450,1.3333333333333333
data\Split_smol\train\Dermatofibroma\ISIC_0032114.jpg,Dermatofibroma,trainval,0,600,450,1.3333333333333333
data\Split_smol\train\Melanoma\ISIC_0000163.jpg,Melanoma,trainval,3,965,649,1.4869029275808936
data\Split_smol\train\Actinic keratosis\ISIC_0027254.jpg,Actinic keratosis,trainval,1,600,450,1.3333333333333333
data\Split_smol\train\Atopic Dermatitis\2_15.jpg,Atopic Dermatitis,trainval,3,294,222,1.3243243243243243
data\Split_smol\train\Benign keratosis\ISIC_0014630_downsampled.jpg,Benign keratosis,trainval,4,1024,764,1.3403141361256545
data\Split_smol\train\Benign keratosis\ISIC_0014640_downsampled.jpg,Benign keratosis,trainval,1,1024,764,1.3403141361256545
data\Split_smol\train\Vascular lesion\ISIC_0025452.jpg,Vascular lesion,trainval,4,600,450,1.3333333333333333
data\Split_smol\val\Benign keratosis\ISIC_0014627_downsampled.jpg,Benign keratosis,trainval,3,1024,764,1.3403141361256545
data\Split_smol\train\Actinic keratosis\ISIC_0030463.jpg,Actinic keratosis,trainval,1,600,450,1.3333333333333333
data\Split_smol\val\Actinic keratosis\ISIC_0030143.jpg,Actinic keratosis,trainval,2,600,450,1.3333333333333333
data\Split_smol\train\Benign keratosis\ISIC_0014607_downsampled.jpg,Benign keratosis,trainval,0,1024,764,1.3403141361256545
data\Split_smol\train\Squamous cell carcinoma\ISIC_0027767.jpg,Squamous cell carcinoma,trainval,3,600,450,1.3333333333333333
data\Split_smol\train\Actinic keratosis\ISIC_0032135.jpg,Actinic keratosis,trainval,2,600,450,1.3333333333333333
data\Split_smol\train\Atopic Dermatitis\2_12.jpg,Atopic Dermatitis,trainval,4,294,222,1.3243243243243243
data\Split_smol\train\Atopic Dermatitis\1_64.jpg,Atopic Dermatitis,trainval,3,294,222,1.3243243243243243
data\Split_smol\val\Actinic keratosis\ISIC_0027452.jpg,Actinic keratosis,trainval,1,600,450,1.3333333333333333
data\Split_smol\train\Atopic Dermatitis\2_13.jpg,Atopic Dermatitis,trainval,2,294,222,1.3243243243243243
data\Split_smol\train\Melanocytic nevus\ISIC_0000008.jpg,Melanocytic nevus,trainval,0,1022,767,1.332464146023468
data\Split_smol\train\Dermatofibroma\ISIC_0030579.jpg,Dermatofibroma,trainval,0,600,450,1.3333333333333333
data\Split_smol\train\Vascular lesion\ISIC_0027888.jpg,Vascular lesion,trainval,4,600,450,1.3333333333333333
data\Split_smol\val\Tinea Ringworm Candidiasis\aug_0_Fixed-Drug-Eruption_cdp-2013112112250982.jpg,Tinea Ringworm Candidiasis,trainval,2,393,262,1.5
data\Split_smol\val\Melanoma\ISIC_0000469.jpg,Melanoma,trainval,1,919,802,1.1458852867830425
data\Split_smol\train\Squamous cell carcinoma\ISIC_0025319.jpg,Squamous cell carcinoma,trainval,1,600,450,1.3333333333333333
data\Split_smol\train\Melanoma\ISIC_0000150_downsampled.jpg,Melanoma,trainval,0,1024,768,1.3333333333333333
data\Split_smol\train\Atopic Dermatitis\2_2.jpg,Atopic Dermatitis,trainval,2,294,222,1.3243243243243243
data\Split_smol\train\Melanocytic nevus\ISIC_0000094_downsampled.jpg,Melanocytic nevus,trainval,1,1024,768,1.3333333333333333
data\Split_smol\train\Melanocytic nevus\ISIC_0000072.jpg,Melanocytic nevus,trainval,2,1022,767,1.332464146023468
data\Split_smol\train\Atopic Dermatitis\1_77.jpg,Atopic Dermatitis,trainval,4,294,222,1.3243243243243243
data\Split_smol\train\Atopic Dermatitis\1_43.jpg,Atopic Dermatitis,trainval,2,294,222,1.3243243243243243
data\Split_smol\train\Melanoma\ISIC_0000482.jpg,Melanoma,trainval,4,919,802,1.1458852867830425
data\Split_smol\train\Melanocytic nevus\ISIC_0000103_downsampled.jpg,Melanocytic nevus,trainval,2,1024,768,1.3333333333333333
data\Split_smol\train\Melanoma\ISIC_0000151_downsampled.jpg,Melanoma,trainval,3,1024,768,1.3333333333333333
data\Split_smol\train\Squamous cell carcinoma\ISIC_0027178.jpg,Squamous cell carcinoma,trainval,4,600,450,1.3333333333333333
data\Split_smol\train\Melanoma\ISIC_0000463_downsampled.jpg,Melanoma,trainval,2,1024,680,1.5058823529411764
data\Split_smol\train\Vascular lesion\ISIC_0029486.jpg,Vascular lesion,trainval,2,600,450,1.3333333333333333
data\Split_smol\train\Squamous cell carcinoma\ISIC_0026138.jpg,Squamous cell carcinoma,trainval,3,600,450,1.3333333333333333
data\Split_smol\train\Vascular lesion\ISIC_0030606.jpg,Vascular lesion,trainval,1,600,450,1.3333333333333333
data\Split_smol\train\Vascular lesion\ISIC_0028188.jpg,Vascular lesion,trainval,4,600,450,1.3333333333333333
data\Split_smol\train\Actinic keratosis\ISIC_0029133.jpg,Actinic keratosis,trainval,3,600,450,1.3333333333333333
data\Split_smol\train\Melanoma\ISIC_0000146_downsampled.jpg,Melanoma,trainval,3,1024,768,1.3333333333333333
data\Split_smol\train\Dermatofibroma\ISIC_0033422.jpg,Dermatofibroma,trainval,3,600,450,1.3333333333333333
data\Split_smol\train\Dermatofibroma\ISIC_0025771.jpg,Dermatofibroma,trainval,3,600,450,1.3333333333333333
data\Split_smol\train\Dermatofibroma\ISIC_0030321.jpg,Dermatofibroma,trainval,4,600,450,1.3333333333333333
data\Split_smol\val\Melanoma\ISIC_0011130.jpg,Melanoma,trainval,1,1024,768,1.3333333333333333
data\Split_smol\val\Squamous cell carcinoma\ISIC_0026362.jpg,Squamous cell carcinoma,trainval,3,600,450,1.3333333333333333
data\Split_smol\train\Vascular lesion\ISIC_0025578.jpg,Vascular lesion,trainval,1,600,450,1.3333333333333333
data\Split_smol\train\Benign keratosis\ISIC_0014632_downsampled.jpg,Benign keratosis,trainval,3,1024,764,1.3403141361256545
data\Split_smol\train\Melanocytic nevus\ISIC_0000055_downsampled.jpg,Melanocytic nevus,trainval,2,1024,768,1.3333333333333333
data\Split_smol\train\Melanocytic nevus\ISIC_0000109_downsampled.jpg,Melanocytic nevus,trainval,4,1024,768,1.3333333333333333
data\Split_smol\train\Atopic Dermatitis\1_68.jpg,Atopic Dermatitis,trainval,2,294,222,1.3243243243243243
data\Split_smol\train\Benign keratosis\ISIC_0014626_downsampled.jpg,Benign keratosis,trainval,0,1024,764,1.3403141361256545
data\Split_smol\train\Dermatofibroma\ISIC_0030757.jpg,Dermatofibroma,trainval,3,600,450,1.3333333333333333
data\Split_smol\train\Dermatofibroma\ISIC_0027598.jpg,Dermatofibroma,trainval,1,600,450,1.3333333333333333
data\Split_smol\train\Atopic Dermatitis\1_22.jpg,Atopic Dermatitis,trainval,0,294,222,1.3243243243243243
data\Split_smol\train\Vascular lesion\ISIC_0027937.jpg,Vascular lesion,trainval,4,600,450,1.3333333333333333
data\Split_smol\val\Dermatofibroma\ISIC_0026254.jpg,Dermatofibroma,trainval,2,600,450,1.3333333333333333
data\Split_smol\train\Squamous cell carcinoma\ISIC_0024579.jpg,Squamous cell carcinoma,trainval,4,600,450,1.3333333333333333
data\Split_smol\train\Melanoma\ISIC_0000299.jpg,Melanoma,trainval,4,767,576,1.3315972222222223
data\Split_smol\train\Benign keratosis\ISIC_0014575_downsampled.jpg,Benign keratosis,trainval,1,1024,764,1.3403141361256545
data\Split_smol\train\Benign keratosis\ISIC_0014589_downsampled.jpg,Benign keratosis,trainval,2,1024,764,1.3403141361256545
data\Split_smol\train\Atopic Dermatitis\1_83.jpg,Atopic Dermatitis,trainval,4,294,222,1.3243243243243243
data\Split_smol\train\Tinea Ringworm Candidiasis\15997525228_30a0f1256f_z.jpg,Tinea Ringworm Candidiasis,trainval,2,224,357,0.6274509803921569
data\Split_smol\train\Vascular lesion\ISIC_0027159.jpg,Vascular lesion,trainval,1,600,450,1.3333333333333333
data\Split_smol\train\Benign keratosis\ISIC_0014572_downsampled.jpg,Benign keratosis,trainval,0,1024,764,1.3403141361256545
data\Split_smol\train\Vascular lesion\ISIC_0025425.jpg,Vascular lesion,trainval,0,600,450,1.3333333333333333
data\Split_smol\train\Tinea Ringworm Candidiasis\aug_0_img200811101425_lg.jpg,Tinea Ringworm Candidiasis,trainval,4,915,985,0.9289340101522843
data\Split_smol\train\Actinic keratosis\ISIC_0027829.jpg,Actinic keratosis,trainval,3,600,450,1.3333333333333333
data\Split_smol\train\Actinic keratosis\ISIC_0026149.jpg,Actinic keratosis,trainval,4,600,450,1.3333333333333333
data\Split_smol\train\Atopic Dermatitis\2_17.jpg,Atopic Dermatitis,trainval,3,294,222,1.3243243243243243
data\Split_smol\train\Dermatofibroma\ISIC_0025223.jpg,Dermatofibroma,trainval,0,600,450,1.3333333333333333
data\Split_smol\val\Dermatofibroma\ISIC_0026473.jpg,Dermatofibroma,trainval,3,600,450,1.3333333333333333
data\Split_smol\train\Melanocytic nevus\ISIC_0000089_downsampled.jpg,Melanocytic nevus,trainval,4,1024,768,1.3333333333333333
data\Split_smol\train\Benign keratosis\ISIC_0014637_downsampled.jpg,Benign keratosis,trainval,3,1024,764,1.3403141361256545
data\Split_smol\train\Actinic keratosis\ISIC_0025992.jpg,Actinic keratosis,trainval,2,600,450,1.3333333333333333
data\Split_smol\train\Squamous cell carcinoma\ISIC_0025790.jpg,Squamous cell carcinoma,trainval,1,600,450,1.3333333333333333
data\Split_smol\train\Benign keratosis\ISIC_0014606_downsampled.jpg,Benign keratosis,trainval,0,1024,764,1.3403141361256545
data\Split_smol\train\Benign keratosis\ISIC_0014648_downsampled.jpg,Benign keratosis,trainval,2,1024,764,1.3403141361256545
data\Split_smol\train\Melanoma\ISIC_0000054_downsampled.jpg,Melanoma,trainval,0,1024,768,1.3333333333333333
data\Split_smol\train\Benign keratosis\ISIC_0014642_downsampled.jpg,Benign keratosis,trainval,4,1024,764,1.3403141361256545
data\Split_smol\val\Melanoma\ISIC_0010054.jpg,Melanoma,trainval,1,1024,768,1.3333333333333333
data\Split_smol\train\Melanocytic nevus\ISIC_0000085_downsampled.jpg,Melanocytic nevus,trainval,1,1024,768,1.3333333333333333
data\Split_smol\train\Melanocytic nevus\ISIC_0000023_downsampled.jpg,Melanocytic nevus,trainval,4,1024,768,1.3333333333333333
data\Split_smol\train\Melanoma\ISIC_0000155_downsampled.jpg,Melanoma,trainval,1,1024,768,1.3333333333333333
data\Split_smol\train\Benign keratosis\ISIC_0014608_downsampled.jpg,Benign keratosis,trainval,3,1024,764,1.3403141361256545
data\Split_smol\train\Melanocytic nevus\ISIC_0000067.jpg,Melanocytic nevus,trainval,2,962,722,1.332409972299169
data\Split_smol\train\Melanocytic nevus\ISIC_0000064_downsampled.jpg,Melanocytic nevus,trainval,2,1024,768,1.3333333333333333
data\Split_smol\val\Squamous cell carcinoma\ISIC_0025948.jpg,Squamous cell carcinoma,trainval,4,600,450,1.3333333333333333
data\Split_smol\val\Melanoma\ISIC_0009897.jpg,Melanoma,trainval,0,1024,768,1.3333333333333333
data\Split_smol\train\Melanocytic nevus\ISIC_0000009.jpg,Melanocytic nevus,trainval,1,1022,767,1.332464146023468
data\Split_smol\train\Melanocytic nevus\ISIC_0000119_downsampled.jpg,Melanocytic nevus,trainval,1,1024,768,1.3333333333333333
data\Split_smol\train\Actinic keratosis\ISIC_0030344.jpg,Actinic keratosis,trainval,2,600,450,1.3333333333333333
data\Split_smol\train\Vascular lesion\ISIC_0025596.jpg,Vascular lesion,trainval,1,600,450,1.3333333333333333
data\Split_smol\train\Actinic keratosis\ISIC_0027447.jpg,Actinic keratosis,trainval,0,600,450,1.3333333333333333
data\Split_smol\train\Melanocytic nevus\ISIC_0000012.jpg,Melanocytic nevus,trainval,3,1022,767,1.332464146023468
data\Split_smol\train\Benign keratosis\ISIC_0014595_downsampled.jpg,Benign keratosis,trainval,2,1024,764,1.3403141361256545
data\Split_smol\train\Melanoma\ISIC_0000142_downsampled.jpg,Melanoma,trainval,2,1024,768,1.3333333333333333
data\Split_smol\train\Atopic Dermatitis\1_60.jpg,Atopic Dermatitis,trainval,2,294,222,1.3243243243243243
data\Split_smol\train\Vascular lesion\ISIC_0027856.jpg,Vascular lesion,trainval,2,600,450,1.3333333333333333
data\Split_smol\train\Dermatofibroma\ISIC_0030830.jpg,Dermatofibroma,trainval,3,600,450,1.3333333333333333
data\Split_smol\train\Benign keratosis\ISIC_0014811_downsampled.jpg,Benign keratosis,trainval,2,1024,684,1.4970760233918128
data\Split_smol\train\Benign keratosis\ISIC_0014586_downsampled.jpg,Benign keratosis,trainval,4,1024,682,1.501466275659824
data\Split_smol\val\Melanocytic nevus\ISIC_0000093_downsampled.jpg,Melanocytic nevus,trainval,4,1024,768,1.3333333333333333
data\Split_smol\val\Squamous cell carcinoma\ISIC_0025029.jpg,Squamous cell carcinoma,trainval,2,600,450,1.3333333333333333
data\Split_smol\train\Benign keratosis\ISIC_0014804_downsampled.jpg,Benign keratosis,trainval,0,1024,685,1.494890510948905
data\Split_smol\train\Melanoma\ISIC_0000161.jpg,Melanoma,trainval,4,962,674,1.427299703264095
data\Split_smol\train\Atopic Dermatitis\1_42.jpg,Atopic Dermatitis,trainval,4,294,222,1.3243243243243243
data\Split_smol\train\Melanoma\ISIC_0000301.jpg,Melanoma,trainval,3,767,576,1.3315972222222223
data\Split_smol\train\Squamous cell carcinoma\ISIC_0026014.jpg,Squamous cell carcinoma,trainval,2,600,450,1.3333333333333333
data\Split_smol\train\Dermatofibroma\ISIC_0032613.jpg,Dermatofibroma,trainval,4,600,450,1.3333333333333333
data\Split_smol\val\Melanocytic nevus\ISIC_0000017_downsampled.jpg,Melanocytic nevus,trainval,0,1024,768,1.3333333333333333
data\Split_smol\train\Atopic Dermatitis\1_78.jpg,Atopic Dermatitis,trainval,0,294,222,1.3243243243243243
data\Split_smol\val\Actinic keratosis\ISIC_0025803.jpg,Actinic keratosis,trainval,2,600,450,1.3333333333333333
data\Split_smol\train\Melanocytic nevus\ISIC_0000127_downsampled.jpg,Melanocytic nevus,trainval,4,1024,768,1.3333333333333333
data\Split_smol\train\Melanoma\ISIC_0000154_downsampled.jpg,Melanoma,trainval,3,1024,768,1.3333333333333333
data\Split_smol\train\Squamous cell carcinoma\ISIC_0027719.jpg,Squamous cell carcinoma,trainval,0,600,450,1.3333333333333333
data\Split_smol\train\Vascular lesion\ISIC_0031648.jpg,Vascular lesion,trainval,4,600,450,1.3333333333333333
data\Split_smol\train\Tinea Ringworm Candidiasis\aug_0_ringworm1.jpg,Tinea Ringworm Candidiasis,trainval,2,320,217,1.4746543778801844
data\Split_smol\train\Tinea Ringworm Candidiasis\148018-1.jpg,Tinea Ringworm Candidiasis,trainval,3,234,271,0.8634686346863468
data\Split_smol\train\Vascular lesion\ISIC_0025197.jpg,Vascular lesion,trainval,1,600,450,1.3333333333333333
data\Split_smol\train\Vascular lesion\ISIC_0026349.jpg,Vascular lesion,trainval,2,600,450,1.3333333333333333
data\Split_smol\train\Dermatofibroma\ISIC_0031257.jpg,Dermatofibroma,trainval,1,600,450,1.3333333333333333
data\Split_smol\train\Actinic keratosis\ISIC_0030730.jpg,Actinic keratosis,trainval,4,600,450,1.3333333333333333
data\Split_smol\train\Squamous cell carcinoma\ISIC_0025637.jpg,Squamous cell carcinoma,trainval,3,600,450,1.3333333333333333
data\Split_smol\train\Benign keratosis\ISIC_0014612_downsampled.jpg,Benign keratosis,trainval,1,1024,764,1.3403141361256545
data\Split_smol\train\Atopic Dermatitis\1_84.jpg,Atopic Dermatitis,trainval,1,294,222,1.3243243243243243
data\Split_smol\train\Tinea Ringworm Candidiasis\aug_0_S_1017_Pityriais_rosea_M2400164.max-600x600.jpg,Tinea Ringworm Candidiasis,trainval,1,600,399,1.5037593984962405
data\Split_smol\train\Benign keratosis\ISIC_0014823_downsampled.jpg,Benign keratosis,trainval,2,1024,686,1.4927113702623906
data\Split_smol\val\Squamous cell carcinoma\ISIC_0024450.jpg,Squamous cell carcinoma,trainval,3,600,450,1.3333333333333333
data\Split_smol\train\Dermatofibroma\ISIC_0030244.jpg,Dermatofibroma,trainval,2,600,450,1.3333333333333333
data\Split_smol\train\Atopic Dermatitis\2_7.jpg,Atopic Dermatitis,trainval,1,294,222,1.3243243243243243
data\Split_smol\train\Melanocytic nevus\ISIC_0000096_downsampled.jpg,Melanocytic nevus,trainval,4,1024,768,1.3333333333333333
data\Split_smol\train\Melanocytic nevus\ISIC_0000048_downsampled.jpg,Melanocytic nevus,trainval,0,1024,768,1.3333333333333333
data\Split_smol\train\Actinic keratosis\ISIC_0026171.jpg,Actinic keratosis,trainval,3,600,450,1.3333333333333333
data\Split_smol\val\Squamous cell carcinoma\ISIC_0024946.jpg,Squamous cell carcinoma,trainval,0,600,450,1.3333333333333333
data\Split_smol\train\Tinea Ringworm Candidiasis\aug_0_ringworm_4x3.jpg.pagespeed.ce.XzSqpXITIx.jpg,Tinea Ringworm Candidiasis,trainval,3,1026,770,1.3324675324675326
data\Split_smol\train\Dermatofibroma\ISIC_0031123.jpg,Dermatofibroma,trainval,4,600,450,1.3333333333333333
data\Split_smol\train\Benign keratosis\ISIC_0014636_downsampled.jpg,Benign keratosis,trainval,3,1024,764,1.3403141361256545
data\Split_smol\val\Melanoma\ISIC_0009910.jpg,Melanoma,trainval,2,1024,768,1.3333333333333333
data\Split_smol\train\Atopic Dermatitis\1_23.jpg,Atopic Dermatitis,trainval,3,294,222,1.3243243243243243
data\Split_smol\train\Melanoma\ISIC_0000031_downsampled.jpg,Melanoma,trainval,4,1024,768,1.3333333333333333
data\Split_smol\train\Vascular lesion\ISIC_0031346.jpg,Vascular lesion,trainval,4,600,450,1.3333333333333333
data\Split_smol\train\Atopic Dermatitis\1_31.jpg,Atopic Dermatitis,trainval,1,294,222,1.3243243243243243
data\Split_smol\val\Melanoma\ISIC_0010067.jpg,Melanoma,trainval,1,1024,768,1.3333333333333333
data\Split_smol\train\Vascular lesion\ISIC_0025873.jpg,Vascular lesion,trainval,4,600,450,1.3333333333333333
data\Split_smol\train\Melanocytic nevus\ISIC_0000051_downsampled.jpg,Melanocytic nevus,trainval,0,1024,768,1.3333333333333333
data\Split_smol\train\Dermatofibroma\ISIC_0027141.jpg,Dermatofibroma,trainval,1,600,450,1.3333333333333333
data\Split_smol\val\Vascular lesion\ISIC_0025677.jpg,Vascular lesion,trainval,3,600,450,1.3333333333333333
data\Split_smol\train\Dermatofibroma\ISIC_0032941.jpg,Dermatofibroma,trainval,0,600,450,1.3333333333333333
data\Split_smol\train\Squamous cell carcinoma\ISIC_0024418.jpg,Squamous cell carcinoma,trainval,2,600,450,1.3333333333333333
data\Split_smol\train\Actinic keratosis\ISIC_0028370.jpg,Actinic keratosis,trainval,4,600,450,1.3333333333333333
data\Split_smol\train\Vascular lesion\ISIC_0028431.jpg,Vascular lesion,trainval,3,600,450,1.3333333333333333
data\Split_smol\val\Melanocytic nevus\ISIC_0000071.jpg,Melanocytic nevus,trainval,0,1022,767,1.332464146023468
data\Split_smol\train\Melanocytic nevus\ISIC_0000041_downsampled.jpg,Melanocytic nevus,trainval,1,1024,768,1.3333333333333333
data\Split_smol\train\Dermatofibroma\ISIC_0029962.jpg,Dermatofibroma,trainval,1,600,450,1.3333333333333333
data\Split_smol\train\Atopic Dermatitis\1_44.jpg,Atopic Dermatitis,trainval,3,294,222,1.3243243243243243
data\Split_smol\train\Atopic Dermatitis\2_23.jpg,Atopic Dermatitis,trainval,2,294,222,1.3243243243243243
data\Split_smol\train\Atopic Dermatitis\1_67.jpg,Atopic Dermatitis,trainval,0,294,222,1.3243243243243243
data\Split_smol\train\Melanocytic nevus\ISIC_0000018_downsampled.jpg,Melanocytic nevus,trainval,0,1024,768,1.3333333333333333
data\Split_smol\train\Dermatofibroma\ISIC_0030015.jpg,Dermatofibroma,trainval,1,600,450,1.3333333333333333
data\Split_smol\train\Squamous cell carcinoma\ISIC_0024562.jpg,Squamous cell carcinoma,trainval,0,600,450,1.3333333333333333
data\Split_smol\train\Atopic Dermatitis\1_63.jpg,Atopic Dermatitis,trainval,3,294,222,1.3243243243243243
data\Split_smol\train\Melanoma\ISIC_0000290.jpg,Melanoma,trainval,2,1024,768,1.3333333333333333
data\Split_smol\train\Melanocytic nevus\ISIC_0000088_downsampled.jpg,Melanocytic nevus,trainval,0,1024,768,1.3333333333333333
data\Split_smol\val\Benign keratosis\ISIC_0014641_downsampled.jpg,Benign keratosis,trainval,1,1024,764,1.3403141361256545
data\Split_smol\train\Dermatofibroma\ISIC_0025954.jpg,Dermatofibroma,trainval,2,600,450,1.3333333333333333
data\Split_smol\train\Tinea Ringworm Candidiasis\aug_0_Screenshot 2021-09-14 112827.png,Tinea Ringworm Candidiasis,trainval,0,740,630,1.1746031746031746
data\Split_smol\train\Vascular lesion\ISIC_0027385.jpg,Vascular lesion,trainval,1,600,450,1.3333333333333333
data\Split_smol\val\Benign keratosis\ISIC_0014621_downsampled.jpg,Benign keratosis,trainval,2,1024,764,1.3403141361256545
data\Split_smol\train\Tinea Ringworm Candidiasis\afp20080515p1415-f2.jpg,Tinea Ringworm Candidiasis,trainval,2,270,210,1.2857142857142858
data\Split_smol\train\Squamous cell carcinoma\ISIC_0026872.jpg,Squamous cell carcinoma,trainval,3,600,450,1.3333333333333333
data\Split_smol\train\Atopic Dermatitis\2_18.jpg,Atopic Dermatitis,trainval,4,294,222,1.3243243243243243
data\Split_smol\train\Benign keratosis\ISIC_0014588_downsampled.jpg,Benign keratosis,trainval,1,1024,764,1.3403141361256545
data\Split_smol\val\Melanocytic nevus\ISIC_0000045_downsampled.jpg,Melanocytic nevus,trainval,3,1024,768,1.3333333333333333
data\Split_smol\train\Vascular lesion\ISIC_0030956.jpg,Vascular lesion,trainval,3,600,450,1.3333333333333333
data\Split_smol\train\Dermatofibroma\ISIC_0033005.jpg,Dermatofibroma,trainval,4,600,450,1.3333333333333333
data\Split_smol\val\Vascular lesion\ISIC_0031103.jpg,Vascular lesion,trainval,1,600,450,1.3333333333333333
data\Split_smol\train\Squamous cell carcinoma\ISIC_0026411.jpg,Squamous cell carcinoma,trainval,2,600,450,1.3333333333333333
data\Split_smol\train\Squamous cell carcinoma\ISIC_0025331.jpg,Squamous cell carcinoma,trainval,2,600,450,1.3333333333333333
data\Split_smol\train\Benign keratosis\ISIC_0014625_downsampled.jpg,Benign keratosis,trainval,2,1024,764,1.3403141361256545
data\Split_smol\train\Atopic Dermatitis\1_82.jpg,Atopic Dermatitis,trainval,4,294,222,1.3243243243243243
data\Split_smol\train\Actinic keratosis\ISIC_0030142.jpg,Actinic keratosis,trainval,4,600,450,1.3333333333333333
data\Split_smol\train\Melanocytic nevus\ISIC_0000117_downsampled.jpg,Melanocytic nevus,trainval,3,1024,768,1.3333333333333333
data\Split_smol\val\Squamous cell carcinoma\ISIC_0026178.jpg,Squamous cell carcinoma,trainval,3,600,450,1.3333333333333333
data\Split_smol\train\Squamous cell carcinoma\ISIC_0027678.jpg,Squamous cell carcinoma,trainval,3,600,450,1.3333333333333333
data\Split_smol\train\Actinic keratosis\ISIC_0026626.jpg,Actinic keratosis,trainval,3,600,450,1.3333333333333333
data\Split_smol\train\Atopic Dermatitis\1_69.jpg,Atopic Dermatitis,trainval,1,294,222,1.3243243243243243
data\Split_smol\train\Actinic keratosis\ISIC_0031040.jpg,Actinic keratosis,trainval,1,600,450,1.3333333333333333
data\Split_smol\train\Dermatofibroma\ISIC_0028790.jpg,Dermatofibroma,trainval,2,600,450,1.3333333333333333
data\Split_smol\train\Dermatofibroma\ISIC_0031358.jpg,Dermatofibroma,trainval,4,600,450,1.3333333333333333
data\Split_smol\train\Tinea Ringworm Candidiasis\aug_0_Screenshot 2021-09-14 112100.png,Tinea Ringworm Candidiasis,trainval,0,416,458,0.9082969432314411
data\Split_smol\train\Dermatofibroma\ISIC_0033256.jpg,Dermatofibroma,trainval,4,600,450,1.3333333333333333
data\Split_smol\train\Squamous cell carcinoma\ISIC_0025350.jpg,Squamous cell carcinoma,trainval,1,600,450,1.3333333333333333
data\Split_smol\train\Tinea Ringworm Candidiasis\148018.jpg,Tinea Ringworm Candidiasis,trainval,4,229,262,0.8740458015267175
data\Split_smol\train\Atopic Dermatitis\2_25.jpg,Atopic Dermatitis,trainval,4,294,222,1.3243243243243243
data\Split_smol\val\Squamous cell carcinoma\ISIC_0026132.jpg,Squamous cell carcinoma,trainval,3,600,450,1.3333333333333333
data\Split_smol\train\Tinea Ringworm Candidiasis\aug_0_Screenshot 2021-09-14 112621.png,Tinea Ringworm Candidiasis,trainval,2,300,290,1.0344827586206897
data\Split_smol\train\Atopic Dermatitis\1_29.jpg,Atopic Dermatitis,trainval,2,294,222,1.3243243243243243
data\Split_smol\train\Tinea Ringworm Candidiasis\aug_0_Screenshot 2021-09-14 112600.png,Tinea Ringworm Candidiasis,trainval,4,277,293,0.9453924914675768
data\Split_smol\val\Melanocytic nevus\ISIC_0000038_downsampled.jpg,Melanocytic nevus,trainval,3,1024,768,1.3333333333333333
data\Split_smol\train\Melanocytic nevus\ISIC_0000105_downsampled.jpg,Melanocytic nevus,trainval,0,1024,768,1.3333333333333333
data\Split_smol\val\Vascular lesion\ISIC_0029742.jpg,Vascular lesion,trainval,2,600,450,1.3333333333333333
data\Split_smol\train\Squamous cell carcinoma\ISIC_0027084.jpg,Squamous cell carcinoma,trainval,0,600,450,1.3333333333333333
data\Split_smol\val\Vascular lesion\ISIC_0028406.jpg,Vascular lesion,trainval,3,600,450,1.3333333333333333
data\Split_smol\train\Atopic Dermatitis\2_5.jpg,Atopic Dermatitis,trainval,2,294,222,1.3243243243243243
data\Split_smol\val\Squamous cell carcinoma\ISIC_0027708.jpg,Squamous cell carcinoma,trainval,1,600,450,1.3333333333333333
data\Split_smol\train\Vascular lesion\ISIC_0029877.jpg,Vascular lesion,trainval,1,600,450,1.3333333333333333
data\Split_smol\train\Benign keratosis\ISIC_0014631_downsampled.jpg,Benign keratosis,trainval,4,1024,764,1.3403141361256545
data\Split_smol\train\Melanoma\ISIC_0000145_downsampled.jpg,Melanoma,trainval,1,1024,768,1.3333333333333333
data\Split_smol\train\Vascular lesion\ISIC_0031093.jpg,Vascular lesion,trainval,3,600,450,1.3333333333333333
data\Split_smol\train\Vascular lesion\ISIC_0031065.jpg,Vascular lesion,trainval,2,600,450,1.3333333333333333
data\Split_smol\val\Vascular lesion\ISIC_0024706.jpg,Vascular lesion,trainval,3,600,450,1.3333333333333333
data\Split_smol\val\Vascular lesion\ISIC_0024867.jpg,Vascular lesion,trainval,2,600,450,1.3333333333333333
data\Split_smol\train\Benign keratosis\ISIC_0014577_downsampled.jpg,Benign keratosis,trainval,4,1024,764,1.3403141361256545
data\Split_smol\train\Melanocytic nevus\ISIC_0000121_downsampled.jpg,Melanocytic nevus,trainval,1,1024,768,1.3333333333333333
data\Split_smol\val\Dermatofibroma\ISIC_0029039.jpg,Dermatofibroma,trainval,2,600,450,1.3333333333333333
data\Split_smol\train\Tinea Ringworm Candidiasis\aug_0_dermatomycosis-corporis-3.jpg,Tinea Ringworm Candidiasis,trainval,2,567,386,1.4689119170984455
data\Split_smol\train\Melanocytic nevus\ISIC_0000120_downsampled.jpg,Melanocytic nevus,trainval,0,1024,768,1.3333333333333333
data\Split_smol\train\Melanocytic nevus\ISIC_0000108_downsampled.jpg,Melanocytic nevus,trainval,0,1024,768,1.3333333333333333
data\Split_smol\train\Atopic Dermatitis\2_19.jpg,Atopic Dermatitis,trainval,0,294,222,1.3243243243243243
data\Split_smol\train\Tinea Ringworm Candidiasis\aug_0_Screenshot 2021-09-14 112538.png,Tinea Ringworm Candidiasis,trainval,4,490,527,0.9297912713472486
data\Split_smol\train\Tinea Ringworm Candidiasis\aug_0_article_2083_cover_en_US.jpg,Tinea Ringworm Candidiasis,trainval,1,604,434,1.391705069124424
data\Split_smol\train\Tinea Ringworm Candidiasis\aug_0_gWKFl81gOGebKIRUWg13lgp-O7X7GXiX1IOOqXBw-f2w.jpg,Tinea Ringworm Candidiasis,trainval,0,1200,680,1.7647058823529411
data\Split_smol\train\Vascular lesion\ISIC_0026068.jpg,Vascular lesion,trainval,4,600,450,1.3333333333333333
data\Split_smol\train\Benign keratosis\ISIC_0014592_downsampled.jpg,Benign keratosis,trainval,3,1024,764,1.3403141361256545
data\Split_smol\train\Dermatofibroma\ISIC_0024318.jpg,Dermatofibroma,trainval,0,600,450,1.3333333333333333
data\Split_smol\train\Squamous cell carcinoma\ISIC_0028232.jpg,Squamous cell carcinoma,trainval,4,600,450,1.3333333333333333
data\Split_smol\train\Melanoma\ISIC_0000030_downsampled.jpg,Melanoma,trainval,4,1024,769,1.3315994798439532
data\Split_smol\train\Atopic Dermatitis\1_62.jpg,Atopic Dermatitis,trainval,2,294,222,1.3243243243243243
data\Split_smol\train\Tinea Ringworm Candidiasis\aug_0_Screenshot 2021-09-14 112208.png,Tinea Ringworm Candidiasis,trainval,0,400,432,0.9259259259259259
data\Split_smol\train\Benign keratosis\ISIC_0014635_downsampled.jpg,Benign keratosis,trainval,1,1024,764,1.3403141361256545
data\Split_smol\train\Melanoma\ISIC_0000160.jpg,Melanoma,trainval,4,722,540,1.337037037037037
data\Split_smol\train\Vascular lesion\ISIC_0024904.jpg,Vascular lesion,trainval,1,600,450,1.3333333333333333
data\Split_smol\train\Melanoma\ISIC_0000139_downsampled.jpg,Melanoma,trainval,0,1024,768,1.3333333333333333
data\Split_smol\train\Tinea Ringworm Candidiasis\aug_0_ringworm (9).jpg,Tinea Ringworm Candidiasis,trainval,1,300,300,1.0
data\Split_smol\train\Vascular lesion\ISIC_0027522.jpg,Vascular lesion,trainval,0,600,450,1.3333333333333333
data\Split_smol\train\Squamous cell carcinoma\ISIC_0027930.jpg,Squamous cell carcinoma,trainval,4,600,450,1.3333333333333333
data\Split_smol\train\Melanoma\ISIC_0000285.jpg,Melanoma,trainval,0,1024,768,1.3333333333333333
data\Split_smol\train\Benign keratosis\ISIC_0015062_downsampled.jpg,Benign keratosis,trainval,4,1024,679,1.508100147275405
data\Split_smol\train\Melanocytic nevus\ISIC_0000122_downsampled.jpg,Melanocytic nevus,trainval,2,1024,768,1.3333333333333333
data\Split_smol\train\Benign keratosis\ISIC_0014624_downsampled.jpg,Benign keratosis,trainval,3,1024,764,1.3403141361256545
data\Split_smol\train\Vascular lesion\ISIC_0031759.jpg,Vascular lesion,trainval,2,600,450,1.3333333333333333
data\Split_smol\train\Atopic Dermatitis\1_24.jpg,Atopic Dermatitis,trainval,3,294,222,1.3243243243243243
data\Split_smol\train\Tinea Ringworm Candidiasis\aug_0_nejmicm1013871_f1.jpeg,Tinea Ringworm Candidiasis,trainval,4,1008,756,1.3333333333333333
data\Split_smol\train\Tinea Ringworm Candidiasis\aug_0_Ringworm (7).jpg,Tinea Ringworm Candidiasis,trainval,3,606,544,1.1139705882352942
data\Split_smol\train\Vascular lesion\ISIC_0025599.jpg,Vascular lesion,trainval,0,600,450,1.3333333333333333
data\Split_smol\train\Atopic Dermatitis\1_14.jpg,Atopic Dermatitis,trainval,2,294,222,1.3243243243243243
data\Split_smol\train\Actinic keratosis\ISIC_0026848.jpg,Actinic keratosis,trainval,1,600,450,1.3333333333333333
data\Split_smol\train\Melanoma\ISIC_0000287.jpg,Melanoma,trainval,0,1024,768,1.3333333333333333
data\Split_smol\train\Vascular lesion\ISIC_0027256.jpg,Vascular lesion,trainval,3,600,450,1.3333333333333333
data\Split_smol\train\Dermatofibroma\ISIC_0024553.jpg,Dermatofibroma,trainval,3,600,450,1.3333333333333333
data\Split_smol\train\Squamous cell carcinoma\ISIC_0025539.jpg,Squamous cell carcinoma,trainval,2,600,450,1.3333333333333333
data\Split_smol\val\Melanocytic nevus\ISIC_0000016.jpg,Melanocytic nevus,trainval,4,1022,767,1.332464146023468
data\Split_smol\train\Atopic Dermatitis\2_9.jpg,Atopic Dermatitis,trainval,4,294,222,1.3243243243243243
data\Split_smol\train\Actinic keratosis\ISIC_0026575.jpg,Actinic keratosis,trainval,0,600,450,1.3333333333333333
data\Split_smol\train\Atopic Dermatitis\2_11.jpg,Atopic Dermatitis,trainval,1,294,222,1.3243243243243243
data\Split_smol\train\Tinea Ringworm Candidiasis\aug_0_F2.large.jpg,Tinea Ringworm Candidiasis,trainval,2,1083,1280,0.84609375
data\Split_smol\train\Vascular lesion\ISIC_0030770.jpg,Vascular lesion,trainval,1,600,450,1.3333333333333333
data\Split_smol\train\Melanocytic nevus\ISIC_0000060_downsampled.jpg,Melanocytic nevus,trainval,1,1024,768,1.3333333333333333
data\Split_smol\train\Vascular lesion\ISIC_0024662.jpg,Vascular lesion,trainval,2,600,450,1.3333333333333333
data\Split_smol\val\Benign keratosis\ISIC_0014651_downsampled.jpg,Benign keratosis,trainval,3,1024,764,1.3403141361256545
data\Split_smol\train\Dermatofibroma\ISIC_0029783.jpg,Dermatofibroma,trainval,3,600,450,1.3333333333333333
data\Split_smol\train\Dermatofibroma\ISIC_0025504.jpg,Dermatofibroma,trainval,1,600,450,1.3333333333333333
data\Split_smol\train\Tinea Ringworm Candidiasis\afp20030101p101-f1.jpg,Tinea Ringworm Candidiasis,trainval,0,177,189,0.9365079365079365
data\Split_smol\val\Melanocytic nevus\ISIC_0000062_downsampled.jpg,Melanocytic nevus,trainval,3,1024,768,1.3333333333333333
"data\Split_smol\train\Tinea Ringworm Candidiasis\300px-Ringworm_on_the_arm,_or_tinea_corporis_due_to_Trichophyton_mentagrophytes_PHIL_2938_lores.jpg",Tinea Ringworm Candidiasis,trainval,0,300,213,1.408450704225352
data\Split_smol\train\Dermatofibroma\ISIC_0026417.jpg,Dermatofibroma,trainval,2,600,450,1.3333333333333333
data\Split_smol\train\Vascular lesion\ISIC_0027672.jpg,Vascular lesion,trainval,4,600,450,1.3333333333333333
data\Split_smol\train\Squamous cell carcinoma\ISIC_0027231.jpg,Squamous cell carcinoma,trainval,1,600,450,1.3333333333333333
data\Split_smol\train\Tinea Ringworm Candidiasis\aug_0_image.png,Tinea Ringworm Candidiasis,trainval,2,512,341,1.501466275659824
data\Split_smol\train\Melanoma\ISIC_0000314.jpg,Melanoma,trainval,1,767,576,1.3315972222222223
data\Split_smol\val\Melanocytic nevus\ISIC_0000015.jpg,Melanocytic nevus,trainval,1,1022,767,1.332464146023468
data\Split_smol\train\Melanocytic nevus\ISIC_0000050_downsampled.jpg,Melanocytic nevus,trainval,1,1024,768,1.3333333333333333
data\Split_smol\val\Benign keratosis\ISIC_0015038_downsampled.jpg,Benign keratosis,trainval,4,1024,679,1.508100147275405
data\Split_smol\train\Dermatofibroma\ISIC_0025302.jpg,Dermatofibroma,trainval,1,600,450,1.3333333333333333
data\Split_smol\train\Atopic Dermatitis\1_81.jpg,Atopic Dermatitis,trainval,3,294,222,1.3243243243243243
data\Split_smol\train\Melanoma\ISIC_0000410_downsampled.jpg,Melanoma,trainval,3,1024,878,1.1662870159453302
data\Split_smol\train\Squamous cell carcinoma\ISIC_0028730.jpg,Squamous cell carcinoma,trainval,2,600,450,1.3333333333333333
data\Split_smol\train\Melanocytic nevus\ISIC_0000003.jpg,Melanocytic nevus,trainval,2,1022,767,1.332464146023468
data\Split_smol\train\Dermatofibroma\ISIC_0025314.jpg,Dermatofibroma,trainval,1,600,450,1.3333333333333333
data\Split_smol\train\Dermatofibroma\ISIC_0030011.jpg,Dermatofibroma,trainval,3,600,450,1.3333333333333333
data\Split_smol\train\Benign keratosis\ISIC_0014628_downsampled.jpg,Benign keratosis,trainval,2,1024,764,1.3403141361256545
data\Split_smol\val\Actinic keratosis\ISIC_0027580.jpg,Actinic keratosis,trainval,4,600,450,1.3333333333333333
data\Split_smol\val\Benign keratosis\ISIC_0014649_downsampled.jpg,Benign keratosis,trainval,1,1024,764,1.3403141361256545
data\Split_smol\train\Dermatofibroma\ISIC_0025903.jpg,Dermatofibroma,trainval,1,600,450,1.3333333333333333
data\Split_smol\train\Actinic keratosis\ISIC_0024468.jpg,Actinic keratosis,trainval,4,600,450,1.3333333333333333
data\Split_smol\train\Dermatofibroma\ISIC_0024386.jpg,Dermatofibroma,trainval,1,600,450,1.3333333333333333
data\Split_smol\val\Squamous cell carcinoma\ISIC_0025196.jpg,Squamous cell carcinoma,trainval,3,600,450,1.3333333333333333
data\Split_smol\train\Atopic Dermatitis\1_27.jpg,Atopic Dermatitis,trainval,0,294,222,1.3243243243243243
data\Split_smol\train\Squamous cell carcinoma\ISIC_0025811.jpg,Squamous cell carcinoma,trainval,0,600,450,1.3333333333333333
data\Split_smol\train\Vascular lesion\ISIC_0027210.jpg,Vascular lesion,trainval,3,600,450,1.3333333333333333
data\Split_smol\train\Atopic Dermatitis\1_79.jpg,Atopic Dermatitis,trainval,4,294,222,1.3243243243243243
data\Split_smol\train\Actinic keratosis\ISIC_0027588.jpg,Actinic keratosis,trainval,1,600,450,1.3333333333333333
data\Split_smol\train\Squamous cell carcinoma\ISIC_0028132.jpg,Squamous cell carcinoma,trainval,4,600,450,1.3333333333333333
data\Split_smol\train\Atopic Dermatitis\1_74.jpg,Atopic Dermatitis,trainval,0,294,222,1.3243243243243243
data\Split_smol\train\Atopic Dermatitis\1_35.jpg,Atopic Dermatitis,trainval,3,294,222,1.3243243243243243
data\Split_smol\train\Squamous cell carcinoma\ISIC_0024329.jpg,Squamous cell carcinoma,trainval,0,600,450,1.3333333333333333
data\Split_smol\train\Benign keratosis\ISIC_0014793_downsampled.jpg,Benign keratosis,trainval,0,1024,686,1.4927113702623906
data\Split_smol\train\Tinea Ringworm Candidiasis\aug_0_Screenshot 2021-09-14 112140.png,Tinea Ringworm Candidiasis,trainval,4,642,468,1.3717948717948718
data\Split_smol\train\Melanoma\ISIC_0000484.jpg,Melanoma,trainval,4,919,802,1.1458852867830425
data\Split_smol\val\Melanocytic nevus\ISIC_0000075.jpg,Melanocytic nevus,trainval,1,1022,767,1.332464146023468
data\Split_smol\train\Dermatofibroma\ISIC_0029973.jpg,Dermatofibroma,trainval,3,600,450,1.3333333333333333
data\Split_smol\train\Benign keratosis\ISIC_0014654_downsampled.jpg,Benign keratosis,trainval,3,1024,764,1.3403141361256545
data\Split_smol\train\Melanoma\ISIC_0000157.jpg,Melanoma,trainval,3,963,629,1.5310015898251192
data\Split_smol\val\Vascular lesion\ISIC_0028146.jpg,Vascular lesion,trainval,3,600,450,1.3333333333333333
data\Split_smol\train\Melanocytic nevus\ISIC_0000098_downsampled.jpg,Melanocytic nevus,trainval,2,1024,768,1.3333333333333333
data\Split_smol\train\Benign keratosis\ISIC_0015113_downsampled.jpg,Benign keratosis,trainval,1,1024,680,1.5058823529411764
data\Split_smol\train\Melanoma\ISIC_0000413_downsampled.jpg,Melanoma,trainval,4,1024,768,1.3333333333333333
data\Split_smol\train\Squamous cell carcinoma\ISIC_0025182.jpg,Squamous cell carcinoma,trainval,4,600,450,1.3333333333333333
data\Split_smol\train\Squamous cell carcinoma\ISIC_0026083.jpg,Squamous cell carcinoma,trainval,1,600,450,1.3333333333333333
data\Split_smol\train\Atopic Dermatitis\1_48.jpg,Atopic Dermatitis,trainval,4,294,222,1.3243243243243243
data\Split_smol\train\Actinic keratosis\ISIC_0029500.jpg,Actinic keratosis,trainval,2,600,450,1.3333333333333333
data\Split_smol\train\Actinic keratosis\ISIC_0028393.jpg,Actinic keratosis,trainval,2,600,450,1.3333333333333333
data\Split_smol\train\Melanoma\ISIC_0000164.jpg,Melanoma,trainval,3,959,638,1.5031347962382444
data\Split_smol\train\Dermatofibroma\ISIC_0026629.jpg,Dermatofibroma,trainval,3,600,450,1.3333333333333333
data\Split_smol\val\Actinic keratosis\ISIC_0029210.jpg,Actinic keratosis,trainval,0,600,450,1.3333333333333333
data\Split_smol\val\Benign keratosis\ISIC_0014619_downsampled.jpg,Benign keratosis,trainval,0,1024,764,1.3403141361256545
data\Split_smol\train\Squamous cell carcinoma\ISIC_0026549.jpg,Squamous cell carcinoma,trainval,0,600,450,1.3333333333333333
data\Split_smol\val\Benign keratosis\ISIC_0015260_downsampled.jpg,Benign keratosis,trainval,1,1024,677,1.5125553914327918
data\Split_smol\train\Actinic keratosis\ISIC_0028314.jpg,Actinic keratosis,trainval,1,600,450,1.3333333333333333
data\Split_smol\train\Squamous cell carcinoma\ISIC_0025577.jpg,Squamous cell carcinoma,trainval,4,600,450,1.3333333333333333
data\Split_smol\train\Dermatofibroma\ISIC_0030870.jpg,Dermatofibroma,trainval,3,600,450,1.3333333333333333
data\Split_smol\train\Atopic Dermatitis\2_1.jpg,Atopic Dermatitis,trainval,1,294,222,1.3243243243243243
data\Split_smol\train\Tinea Ringworm Candidiasis\aug_0_Screenshot 2021-09-14 112636.png,Tinea Ringworm Candidiasis,trainval,3,287,357,0.803921568627451
data\Split_smol\train\Tinea Ringworm Candidiasis\aug_0_ringworm-on-neck.jpg,Tinea Ringworm Candidiasis,trainval,3,454,562,0.8078291814946619
data\Split_smol\val\Melanoma\ISIC_0009868.jpg,Melanoma,trainval,0,1024,768,1.3333333333333333
data\Split_smol\val\Vascular lesion\ISIC_0025807.jpg,Vascular lesion,trainval,0,600,450,1.3333333333333333
data\Split_smol\train\Squamous cell carcinoma\ISIC_0024710.jpg,Squamous cell carcinoma,trainval,4,600,450,1.3333333333333333
data\Split_smol\val\Squamous cell carcinoma\ISIC_0027753.jpg,Squamous cell carcinoma,trainval,1,600,450,1.3333333333333333
data\Split_smol\val\Tinea Ringworm Candidiasis\aug_0_jot96pzvsem71.jpg,Tinea Ringworm Candidiasis,trainval,1,542,475,1.1410526315789473
data\Split_smol\val\Dermatofibroma\ISIC_0029578.jpg,Dermatofibroma,trainval,4,600,450,1.3333333333333333
data\Split_smol\train\Melanoma\ISIC_0000420_downsampled.jpg,Melanoma,trainval,1,1024,768,1.3333333333333333
data\Split_smol\train\Dermatofibroma\ISIC_0031372.jpg,Dermatofibroma,trainval,1,600,450,1.3333333333333333
data\Split_smol\train\Melanocytic nevus\ISIC_0000037_downsampled.jpg,Melanocytic nevus,trainval,3,1024,768,1.3333333333333333
data\Split_smol\val\Dermatofibroma\ISIC_0026313.jpg,Dermatofibroma,trainval,2,600,450,1.3333333333333333
data\Split_smol\train\Melanoma\ISIC_0000171.jpg,Melanoma,trainval,1,964,720,1.3388888888888888
data\Split_smol\train\Dermatofibroma\ISIC_0026471.jpg,Dermatofibroma,trainval,0,600,450,1.3333333333333333
data\Split_smol\train\Dermatofibroma\ISIC_0027107.jpg,Dermatofibroma,trainval,2,600,450,1.3333333333333333
data\Split_smol\train\Squamous cell carcinoma\ISIC_0025358.jpg,Squamous cell carcinoma,trainval,2,600,450,1.3333333333333333
data\Split_smol\train\Tinea Ringworm Candidiasis\aug_0_Daad-khujli-kya-hai-or-daad-ka-treatment-ilaj-in-Hindi.jpg,Tinea Ringworm Candidiasis,trainval,4,189,244,0.7745901639344263
data\Split_smol\train\Melanoma\ISIC_0000295.jpg,Melanoma,trainval,0,767,576,1.3315972222222223
data\Split_smol\train\Squamous cell carcinoma\ISIC_0026645.jpg,Squamous cell carcinoma,trainval,4,600,450,1.3333333333333333
"data\Split_smol\train\Tinea Ringworm Candidiasis\aug_0_300px-Ringworm_on_the_arm,_or_tinea_corporis_due_to_Trichophyton_mentagrophytes_PHIL_2938_lores.jpg",Tinea Ringworm Candidiasis,trainval,0,300,213,1.408450704225352
data\Split_smol\train\Melanocytic nevus\ISIC_0000021_downsampled.jpg,Melanocytic nevus,trainval,4,1024,768,1.3333333333333333
data\Split_smol\train\Vascular lesion\ISIC_0030283.jpg,Vascular lesion,trainval,1,600,450,1.3333333333333333
data\Split_smol\train\Actinic keratosis\ISIC_0031922.jpg,Actinic keratosis,trainval,2,600,450,1.3333333333333333
data\Split_smol\train\Melanoma\ISIC_0000040_downsampled.jpg,Melanoma,trainval,0,1024,768,1.3333333333333333
data\Split_smol\val\Vascular lesion\ISIC_0026713.jpg,Vascular lesion,trainval,1,600,450,1.3333333333333333
data\Split_smol\val\Benign keratosis\ISIC_0015108_downsampled.jpg,Benign keratosis,trainval,4,1024,681,1.5036710719530102
data\Split_smol\train\Atopic Dermatitis\1_15.jpg,Atopic Dermatitis,trainval,0,294,222,1.3243243243243243
data\Split_smol\train\Atopic Dermatitis\1_41.jpg,Atopic Dermatitis,trainval,0,294,222,1.3243243243243243
data\Split_smol\train\Atopic Dermatitis\1_52.jpg,Atopic Dermatitis,trainval,1,294,222,1.3243243243243243
data\Split_smol\train\Vascular lesion\ISIC_0031719.jpg,Vascular lesion,trainval,0,600,450,1.3333333333333333
data\Split_smol\train\Actinic keratosis\ISIC_0029659.jpg,Actinic keratosis,trainval,0,600,450,1.3333333333333333
data\Split_smol\train\Melanocytic nevus\ISIC_0000107_downsampled.jpg,Melanocytic nevus,trainval,1,1024,768,1.3333333333333333
data\Split_smol\val\Tinea Ringworm Candidiasis\aug_0_cs-Misdiagnosis-Cutaneous-Fungal-Infections-RM-63651.jpg,Tinea Ringworm Candidiasis,trainval,3,600,400,1.5
data\Split_smol\train\Actinic keratosis\ISIC_0028619.jpg,Actinic keratosis,trainval,2,600,450,1.3333333333333333
data\Split_smol\train\Benign keratosis\ISIC_0014712_downsampled.jpg,Benign keratosis,trainval,4,1024,683,1.499267935578331
data\Split_smol\val\Squamous cell carcinoma\ISIC_0024923.jpg,Squamous cell carcinoma,trainval,4,600,450,1.3333333333333333
data\Split_smol\train\Atopic Dermatitis\1_46.jpg,Atopic Dermatitis,trainval,0,294,222,1.3243243243243243
data\Split_smol\train\Squamous cell carcinoma\ISIC_0025696.jpg,Squamous cell carcinoma,trainval,0,600,450,1.3333333333333333
data\Split_smol\train\Atopic Dermatitis\1_26.jpg,Atopic Dermatitis,trainval,3,294,222,1.3243243243243243
data\Split_smol\train\Vascular lesion\ISIC_0028680.jpg,Vascular lesion,trainval,2,600,450,1.3333333333333333
data\Split_smol\train\Atopic Dermatitis\1_36.jpg,Atopic Dermatitis,trainval,1,294,222,1.3243243243243243
data\Split_smol\val\Benign keratosis\ISIC_0014605_downsampled.jpg,Benign keratosis,trainval,1,1024,764,1.3403141361256545
data\Split_smol\train\Dermatofibroma\ISIC_0024396.jpg,Dermatofibroma,trainval,1,600,450,1.3333333333333333
data\Split_smol\train\Actinic keratosis\ISIC_0029827.jpg,Actinic keratosis,trainval,4,600,450,1.3333333333333333
data\Split_smol\train\Vascular lesion\ISIC_0025612.jpg,Vascular lesion,trainval,0,600,450,1.3333333333333333
data\Split_smol\train\Melanoma\ISIC_0000390_downsampled.jpg,Melanoma,trainval,3,1024,768,1.3333333333333333
data\Split_smol\val\Tinea Ringworm Candidiasis\aug_0_B9780702044496000291_f029-001-9780702044496-1.jpg,Tinea Ringworm Candidiasis,trainval,1,123,111,1.1081081081081081
data\Split_smol\train\Benign keratosis\ISIC_0014602_downsampled.jpg,Benign keratosis,trainval,3,1024,764,1.3403141361256545
data\Split_smol\train\Actinic keratosis\ISIC_0031506.jpg,Actinic keratosis,trainval,0,600,450,1.3333333333333333
data\Split_smol\train\Squamous cell carcinoma\ISIC_0028381.jpg,Squamous cell carcinoma,trainval,3,600,450,1.3333333333333333
data\Split_smol\train\Dermatofibroma\ISIC_0029052.jpg,Dermatofibroma,trainval,2,600,450,1.3333333333333333
data\Split_smol\train\Squamous cell carcinoma\ISIC_0028763.jpg,Squamous cell carcinoma,trainval,3,600,450,1.3333333333333333
data\Split_smol\val\Melanocytic nevus\ISIC_0000001.jpg,Melanocytic nevus,trainval,2,1022,767,1.332464146023468
data\Split_smol\train\Tinea Ringworm Candidiasis\aug_0_Cv-1.png,Tinea Ringworm Candidiasis,trainval,4,72,137,0.5255474452554745
data\Split_smol\train\Actinic keratosis\ISIC_0030408.jpg,Actinic keratosis,trainval,3,600,450,1.3333333333333333
data\Split_smol\val\Actinic keratosis\ISIC_0028820.jpg,Actinic keratosis,trainval,0,600,450,1.3333333333333333
data\Split_smol\train\Dermatofibroma\ISIC_0027008.jpg,Dermatofibroma,trainval,0,600,450,1.3333333333333333
data\Split_smol\train\Vascular lesion\ISIC_0030070.jpg,Vascular lesion,trainval,2,600,450,1.3333333333333333
data\Split_smol\train\Vascular lesion\ISIC_0027903.jpg,Vascular lesion,trainval,0,600,450,1.3333333333333333
data\Split_smol\val\Melanocytic nevus\ISIC_0000034_downsampled.jpg,Melanocytic nevus,trainval,2,1024,768,1.3333333333333333
data\Split_smol\train\Melanocytic nevus\ISIC_0000100_downsampled.jpg,Melanocytic nevus,trainval,3,1024,768,1.3333333333333333
data\Split_smol\train\Benign keratosis\ISIC_0014576_downsampled.jpg,Benign keratosis,trainval,4,1024,764,1.3403141361256545
data\Split_smol\train\Vascular lesion\ISIC_0031996.jpg,Vascular lesion,trainval,0,600,450,1.3333333333333333
data\Split_smol\train\Actinic keratosis\ISIC_0028517.jpg,Actinic keratosis,trainval,0,600,450,1.3333333333333333
data\Split_smol\val\Melanoma\ISIC_0000313.jpg,Melanoma,trainval,2,767,576,1.3315972222222223
data\Split_smol\val\Squamous cell carcinoma\ISIC_0024843.jpg,Squamous cell carcinoma,trainval,2,600,450,1.3333333333333333
data\Split_smol\train\Vascular lesion\ISIC_0030104.jpg,Vascular lesion,trainval,1,600,450,1.3333333333333333
data\Split_smol\train\Vascular lesion\ISIC_0025680.jpg,Vascular lesion,trainval,2,600,450,1.3333333333333333
data\Split_smol\train\Dermatofibroma\ISIC_0032410.jpg,Dermatofibroma,trainval,2,600,450,1.3333333333333333
data\Split_smol\train\Dermatofibroma\ISIC_0025373.jpg,Dermatofibroma,trainval,3,600,450,1.3333333333333333
data\Split_smol\train\Tinea Ringworm Candidiasis\aug_0_Screenshot 2021-09-14 112945.png,Tinea Ringworm Candidiasis,trainval,0,738,517,1.4274661508704063
data\Split_smol\train\Actinic keratosis\ISIC_0028990.jpg,Actinic keratosis,trainval,2,600,450,1.3333333333333333
data\Split_smol\train\Dermatofibroma\ISIC_0028926.jpg,Dermatofibroma,trainval,2,600,450,1.3333333333333333
data\Split_smol\train\Actinic keratosis\ISIC_0031228.jpg,Actinic keratosis,trainval,1,600,450,1.3333333333333333
data\Split_smol\train\Melanocytic nevus\ISIC_0000007.jpg,Melanocytic nevus,trainval,0,1022,767,1.332464146023468
data\Split_smol\train\Squamous cell carcinoma\ISIC_0024539.jpg,Squamous cell carcinoma,trainval,2,600,450,1.3333333333333333
data\Split_smol\train\Actinic keratosis\ISIC_0030877.jpg,Actinic keratosis,trainval,1,600,450,1.3333333333333333
data\Split_smol\train\Atopic Dermatitis\1_19.jpg,Atopic Dermatitis,trainval,2,294,222,1.3243243243243243
data\Split_smol\train\Melanocytic nevus\ISIC_0000081_downsampled.jpg,Melanocytic nevus,trainval,2,1024,768,1.3333333333333333
data\Split_smol\train\Actinic keratosis\ISIC_0026905.jpg,Actinic keratosis,trainval,2,600,450,1.3333333333333333
data\Split_smol\train\Dermatofibroma\ISIC_0025668.jpg,Dermatofibroma,trainval,0,600,450,1.3333333333333333
data\Split_smol\val\Benign keratosis\ISIC_0014613_downsampled.jpg,Benign keratosis,trainval,0,1024,764,1.3403141361256545
data\Split_smol\train\Atopic Dermatitis\1_49.jpg,Atopic Dermatitis,trainval,2,294,222,1.3243243243243243
data\Split_smol\train\Actinic keratosis\ISIC_0030825.jpg,Actinic keratosis,trainval,3,600,450,1.3333333333333333
data\Split_smol\val\Dermatofibroma\ISIC_0029760.jpg,Dermatofibroma,trainval,1,600,450,1.3333333333333333
data\Split_smol\train\Actinic keratosis\ISIC_0026457.jpg,Actinic keratosis,trainval,0,600,450,1.3333333333333333
data\Split_smol\val\Actinic keratosis\ISIC_0027802.jpg,Actinic keratosis,trainval,0,600,450,1.3333333333333333
data\Split_smol\val\Squamous cell carcinoma\ISIC_0026206.jpg,Squamous cell carcinoma,trainval,3,600,450,1.3333333333333333
data\Split_smol\train\Actinic keratosis\ISIC_0028558.jpg,Actinic keratosis,trainval,4,600,450,1.3333333333333333
data\Split_smol\train\Melanocytic nevus\ISIC_0000126_downsampled.jpg,Melanocytic nevus,trainval,1,1024,768,1.3333333333333333
data\Split_smol\train\Squamous cell carcinoma\ISIC_0024925.jpg,Squamous cell carcinoma,trainval,1,600,450,1.3333333333333333
data\Split_smol\train\Benign keratosis\ISIC_0014567_downsampled.jpg,Benign keratosis,trainval,3,1024,764,1.3403141361256545
data\Split_smol\train\Vascular lesion\ISIC_0025249.jpg,Vascular lesion,trainval,2,600,450,1.3333333333333333
data\Split_smol\train\Squamous cell carcinoma\ISIC_0028231.jpg,Squamous cell carcinoma,trainval,3,600,450,1.3333333333333333
data\Split_smol\val\Melanocytic nevus\ISIC_0000032_downsampled.jpg,Melanocytic nevus,trainval,3,1024,768,1.3333333333333333
data\Split_smol\train\Squamous cell carcinoma\ISIC_0028224.jpg,Squamous cell carcinoma,trainval,4,600,450,1.3333333333333333
data\Split_smol\train\Vascular lesion\ISIC_0024402.jpg,Vascular lesion,trainval,4,600,450,1.3333333333333333
data\Split_smol\train\Tinea Ringworm Candidiasis\aug_0_ringworm-2.png,Tinea Ringworm Candidiasis,trainval,0,750,589,1.2733446519524618
data\Split_smol\train\Melanoma\ISIC_0000176_downsampled.jpg,Melanoma,trainval,3,857,1024,0.8369140625
data\Split_smol\train\Actinic keratosis\ISIC_0028854.jpg,Actinic keratosis,trainval,2,600,450,1.3333333333333333
data\Split_smol\train\Melanocytic nevus\ISIC_0000047_downsampled.jpg,Melanocytic nevus,trainval,1,1024,768,1.3333333333333333
data\Split_smol\val\Actinic keratosis\ISIC_0026212.jpg,Actinic keratosis,trainval,2,600,450,1.3333333333333333
data\Split_smol\val\Vascular lesion\ISIC_0026876.jpg,Vascular lesion,trainval,2,600,450,1.3333333333333333
data\Split_smol\val\Actinic keratosis\ISIC_0025825.jpg,Actinic keratosis,trainval,1,600,450,1.3333333333333333
data\Split_smol\train\Vascular lesion\ISIC_0026393.jpg,Vascular lesion,trainval,1,600,450,1.3333333333333333
data\Split_smol\train\Atopic Dermatitis\2_21.jpg,Atopic Dermatitis,trainval,4,294,222,1.3243243243243243
data\Split_smol\train\Melanoma\ISIC_0000002.jpg,Melanoma,test,-1,1022,767,1.332464146023468
data\Split_smol\val\Melanoma\ISIC_0000298.jpg,Melanoma,test,-1,767,576,1.3315972222222223
data\Split_smol\train\Melanocytic nevus\ISIC_0000131_downsampled.jpg,Melanocytic nevus,test,-1,1024,768,1.3333333333333333
data\Split_smol\train\Dermatofibroma\ISIC_0030665.jpg,Dermatofibroma,test,-1,600,450,1.3333333333333333
data\Split_smol\train\Dermatofibroma\ISIC_0028651.jpg,Dermatofibroma,test,-1,600,450,1.3333333333333333
data\Split_smol\train\Actinic keratosis\ISIC_0026857.jpg,Actinic keratosis,test,-1,600,450,1.3333333333333333
data\Split_smol\val\Actinic keratosis\ISIC_0026984.jpg,Actinic keratosis,test,-1,600,450,1.3333333333333333
data\Split_smol\train\Vascular lesion\ISIC_0027563.jpg,Vascular lesion,test,-1,600,450,1.3333333333333333
data\Split_smol\train\Atopic Dermatitis\1_47.jpg,Atopic Dermatitis,test,-1,294,222,1.3243243243243243
data\Split_smol\val\Actinic keratosis\ISIC_0029025.jpg,Actinic keratosis,test,-1,600,450,1.3333333333333333
data\Split_smol\val\Vascular lesion\ISIC_0029608.jpg,Vascular lesion,test,-1,600,450,1.3333333333333333
data\Split_smol\val\Dermatofibroma\ISIC_0026789.jpg,Dermatofibroma,test,-1,600,450,1.3333333333333333
data\Split_smol\val\Melanoma\ISIC_0009918.jpg,Melanoma,test,-1,1024,768,1.3333333333333333
data\Split_smol\train\Dermatofibroma\ISIC_0031429.jpg,Dermatofibroma,test,-1,600,450,1.3333333333333333
data\Split_smol\train\Squamous cell carcinoma\ISIC_0024517.jpg,Squamous cell carcinoma,test,-1,600,450,1.3333333333333333
data\Split_smol\train\Atopic Dermatitis\2_6.jpg,Atopic Dermatitis,test,-1,294,222,1.3243243243243243
data\Split_smol\train\Melanocytic nevus\ISIC_0000087_downsampled.jpg,Melanocytic nevus,test,-1,1024,768,1.3333333333333333
data\Split_smol\val\Vascular lesion\ISIC_0024375.jpg,Vascular lesion,test,-1,600,450,1.3333333333333333
data\Split_smol\train\Actinic keratosis\ISIC_0028076.jpg,Actinic keratosis,test,-1,600,450,1.3333333333333333
data\Split_smol\train\Tinea Ringworm Candidiasis\aug_0_B9780702044496000291_f029-001-9780702044496.jpg,Tinea Ringworm Candidiasis,test,-1,81,76,1.0657894736842106
data\Split_smol\train\Tinea Ringworm Candidiasis\aug_0_natural-treatment-Daad-khaj-khujli-ringworm-home-treatment-home-remedies-fungal-infection-treatment-symptom-pictures-diagnosis-hindi-gimtrend.blogspot.com.jpeg,Tinea Ringworm Candidiasis,test,-1,266,190,1.4
data\Split_smol\train\Dermatofibroma\ISIC_0027118.jpg,Dermatofibroma,test,-1,600,450,1.3333333333333333
data\Split_smol\train\Dermatofibroma\ISIC_0031271.jpg,Dermatofibroma,test,-1,600,450,1.3333333333333333
data\Split_smol\train\Atopic Dermatitis\1_58.jpg,Atopic Dermatitis,test,-1,294,222,1.3243243243243243
data\Split_smol\train\Melanocytic nevus\ISIC_0000063_downsampled.jpg,Melanocytic nevus,test,-1,1024,768,1.3333333333333333
data\Split_smol\train\Melanocytic nevus\ISIC_0000011.jpg,Melanocytic nevus,test,-1,1022,767,1.332464146023468
data\Split_smol\train\Atopic Dermatitis\1_20.jpg,Atopic Dermatitis,test,-1,294,222,1.3243243243243243
data\Split_smol\train\Actinic keratosis\ISIC_0024470.jpg,Actinic keratosis,test,-1,600,450,1.3333333333333333
data\Split_smol\train\Atopic Dermatitis\1_66.jpg,Atopic Dermatitis,test,-1,294,222,1.3243243243243243
data\Split_smol\val\Squamous cell carcinoma\ISIC_0027795.jpg,Squamous cell carcinoma,test,-1,600,450,1.3333333333333333
data\Split_smol\train\Melanoma\ISIC_0000289.jpg,Melanoma,test,-1,1024,768,1.3333333333333333
data\Split_smol\val\Dermatofibroma\ISIC_0029297.jpg,Dermatofibroma,test,-1,600,450,1.3333333333333333
data\Split_smol\train\Actinic keratosis\ISIC_0029930.jpg,Actinic keratosis,test,-1,600,450,1.3333333333333333
data\Split_smol\train\Tinea Ringworm Candidiasis\aug_0_IJD-62-227-g006.jpg,Tinea Ringworm Candidiasis,test,-1,344,524,0.6564885496183206
data\Split_smol\train\Dermatofibroma\ISIC_0031799.jpg,Dermatofibroma,test,-1,600,450,1.3333333333333333
data\Split_smol\val\Dermatofibroma\ISIC_0024973.jpg,Dermatofibroma,test,-1,600,450,1.3333333333333333
data\Split_smol\train\Vascular lesion\ISIC_0024475.jpg,Vascular lesion,test,-1,600,450,1.3333333333333333
data\Split_smol\train\Melanoma\ISIC_0000078_downsampled.jpg,Melanoma,test,-1,1024,768,1.3333333333333333
data\Split_smol\val\Melanocytic nevus\ISIC_0000025_downsampled.jpg,Melanocytic nevus,test,-1,1024,768,1.3333333333333333
data\Split_smol\train\Squamous cell carcinoma\ISIC_0028659.jpg,Squamous cell carcinoma,test,-1,600,450,1.3333333333333333
data\Split_smol\val\Squamous cell carcinoma\ISIC_0026981.jpg,Squamous cell carcinoma,test,-1,600,450,1.3333333333333333
data\Split_smol\train\Benign keratosis\ISIC_0014652_downsampled.jpg,Benign keratosis,test,-1,1024,764,1.3403141361256545
data\Split_smol\train\Atopic Dermatitis\1_55.jpg,Atopic Dermatitis,test,-1,294,222,1.3243243243243243
data\Split_smol\train\Benign keratosis\ISIC_0014646_downsampled.jpg,Benign keratosis,test,-1,1024,764,1.3403141361256545
data\Split_smol\train\Squamous cell carcinoma\ISIC_0025411.jpg,Squamous cell carcinoma,test,-1,600,450,1.3333333333333333
data\Split_smol\train\Melanoma\ISIC_0000147_downsampled.jpg,Melanoma,test,-1,1024,768,1.3333333333333333
data\Split_smol\train\Atopic Dermatitis\1_57.jpg,Atopic Dermatitis,test,-1,294,222,1.3243243243243243
data\Split_smol\train\Melanoma\ISIC_0000412_downsampled.jpg,Melanoma,test,-1,1024,861,1.18931475029036
data\Split_smol\train\Squamous cell carcinoma\ISIC_0025178.jpg,Squamous cell carcinoma,test,-1,600,450,1.3333333333333333
data\Split_smol\train\Dermatofibroma\ISIC_0029130.jpg,Dermatofibroma,test,-1,600,450,1.3333333333333333
data\Split_smol\val\Dermatofibroma\ISIC_0027216.jpg,Dermatofibroma,test,-1,600,450,1.3333333333333333
data\Split_smol\train\Melanocytic nevus\ISIC_0000024_downsampled.jpg,Melanocytic nevus,test,-1,1024,768,1.3333333333333333
data\Split_smol\val\Melanoma\ISIC_0010231.jpg,Melanoma,test,-1,1024,768,1.3333333333333333
data\Split_smol\train\Melanoma\ISIC_0000004.jpg,Melanoma,test,-1,1022,767,1.332464146023468
data\Split_smol\val\Actinic keratosis\ISIC_0026650.jpg,Actinic keratosis,test,-1,600,450,1.3333333333333333
data\Split_smol\train\Benign keratosis\ISIC_0014569_downsampled.jpg,Benign keratosis,test,-1,1024,764,1.3403141361256545
data\Split_smol\train\Melanoma\ISIC_0000026_downsampled.jpg,Melanoma,test,-1,1024,768,1.3333333333333333
data\Split_smol\train\Actinic keratosis\ISIC_0026709.jpg,Actinic keratosis,test,-1,600,450,1.3333333333333333
data\Split_smol\train\Actinic keratosis\ISIC_0027562.jpg,Actinic keratosis,test,-1,600,450,1.3333333333333333
data\Split_smol\train\Benign keratosis\ISIC_0014638_downsampled.jpg,Benign keratosis,test,-1,1024,764,1.3403141361256545
data\Split_smol\train\Vascular lesion\ISIC_0025606.jpg,Vascular lesion,test,-1,600,450,1.3333333333333333
data\Split_smol\val\Vascular lesion\ISIC_0025628.jpg,Vascular lesion,test,-1,600,450,1.3333333333333333
data\Split_smol\train\Benign keratosis\ISIC_0014647_downsampled.jpg,Benign keratosis,test,-1,1024,764,1.3403141361256545
data\Split_smol\train\Benign keratosis\ISIC_0014568_downsampled.jpg,Benign keratosis,test,-1,1024,764,1.3403141361256545
data\Split_smol\val\Vascular lesion\ISIC_0024747.jpg,Vascular lesion,test,-1,600,450,1.3333333333333333
data\Split_smol\train\Benign keratosis\ISIC_0014581_downsampled.jpg,Benign keratosis,test,-1,1024,764,1.3403141361256545
data\Split_smol\val\Actinic keratosis\ISIC_0029781.jpg,Actinic keratosis,test,-1,600,450,1.3333333333333333
data\Split_smol\train\Vascular lesion\ISIC_0026092.jpg,Vascular lesion,test,-1,600,450,1.3333333333333333
data\Split_smol\train\Atopic Dermatitis\1_18.jpg,Atopic Dermatitis,test,-1,294,222,1.3243243243243243
data\Split_smol\train\Benign keratosis\ISIC_0014623_downsampled.jpg,Benign keratosis,test,-1,1024,764,1.3403141361256545
data\Split_smol\train\Squamous cell carcinoma\ISIC_0027529.jpg,Squamous cell carcinoma,test,-1,600,450,1.3333333333333333
data\Split_smol\val\Tinea Ringworm Candidiasis\aug_0_jock-itch-1024x683.jpeg,Tinea Ringworm Candidiasis,test,-1,840,575,1.4608695652173913
data\Split_smol\train\Vascular lesion\ISIC_0031706.jpg,Vascular lesion,test,-1,600,450,1.3333333333333333
data\Split_smol\train\Actinic keratosis\ISIC_0024707.jpg,Actinic keratosis,test,-1,600,450,1.3333333333333333
data\Split_smol\train\Tinea Ringworm Candidiasis\aug_0_1200px-Oberflachlicher_Hautpilz.jpg,Tinea Ringworm Candidiasis,test,-1,874,678,1.289085545722714
data\Split_smol\val\Vascular lesion\ISIC_0028714.jpg,Vascular lesion,test,-1,600,450,1.3333333333333333
data\Split_smol\train\Atopic Dermatitis\1_21.jpg,Atopic Dermatitis,test,-1,294,222,1.3243243243243243
data\Split_smol\train\Melanocytic nevus\ISIC_0000027_downsampled.jpg,Melanocytic nevus,test,-1,1024,768,1.3333333333333333
data\Split_smol\train\Benign keratosis\ISIC_0014629_downsampled.jpg,Benign keratosis,test,-1,1024,764,1.3403141361256545
data\Split_smol\train\Dermatofibroma\ISIC_0025980.jpg,Dermatofibroma,test,-1,600,450,1.3333333333333333
data\Split_smol\train\Tinea Ringworm Candidiasis\aug_0_Ringworm-sm.jpg,Tinea Ringworm Candidiasis,test,-1,364,261,1.3946360153256705
data\Split_smol\val\Actinic keratosis\ISIC_0026040.jpg,Actinic keratosis,test,-1,600,450,1.3333333333333333
data\Split_smol\train\Benign keratosis\ISIC_0014598_downsampled.jpg,Benign keratosis,test,-1,1024,764,1.3403141361256545
data\Split_smol\train\Tinea Ringworm Candidiasis\aug_0_Ringworm-Titel.jpg,Tinea Ringworm Candidiasis,test,-1,422,428,0.985981308411215
data\Split_smol\train\Melanoma\ISIC_0000300.jpg,Melanoma,test,-1,767,576,1.3315972222222223
data\Split_smol\train\Vascular lesion\ISIC_0024669.jpg,Vascular lesion,test,-1,600,450,1.3333333333333333
data\Split_smol\train\Squamous cell carcinoma\ISIC_0027550.jpg,Squamous cell carcinoma,test,-1,600,450,1.3333333333333333
data\Split_smol\train\Melanoma\ISIC_0000153_downsampled.jpg,Melanoma,test,-1,1024,768,1.3333333333333333
data\Split_smol\train\Atopic Dermatitis\2_24.jpg,Atopic Dermatitis,test,-1,294,222,1.3243243243243243
data\Split_smol\train\Vascular lesion\ISIC_0029514.jpg,Vascular lesion,test,-1,600,450,1.3333333333333333
data\Split_smol\train\Actinic keratosis\ISIC_0026729.jpg,Actinic keratosis,test,-1,600,450,1.3333333333333333
data\Split_smol\val\Benign keratosis\ISIC_0014653_downsampled.jpg,Benign keratosis,test,-1,1024,764,1.3403141361256545
data\Split_smol\train\Tinea Ringworm Candidiasis\aug_0_Screenshot 2021-09-14 112859.png,Tinea Ringworm Candidiasis,test,-1,716,452,1.584070796460177
data\Split_smol\train\Squamous cell carcinoma\ISIC_0026100.jpg,Squamous cell carcinoma,test,-1,600,450,1.3333333333333333
data\Split_smol\train\Squamous cell carcinoma\ISIC_0027184.jpg,Squamous cell carcinoma,test,-1,600,450,1.3333333333333333
data\Split_smol\val\Tinea Ringworm Candidiasis\aug_0_Cv.png,Tinea Ringworm Candidiasis,test,-1,193,139,1.3884892086330936
data\Split_smol\val\Dermatofibroma\ISIC_0030555.jpg,Dermatofibroma,test,-1,600,450,1.3333333333333333
data\Split_smol\train\Melanocytic nevus\ISIC_0000028_downsampled.jpg,Melanocytic nevus,test,-1,1024,768,1.3333333333333333
data\Split_smol\val\Melanocytic nevus\ISIC_0000020_downsampled.jpg,Melanocytic nevus,test,-1,1024,768,1.3333333333333333
data\Split_smol\train\Squamous cell carcinoma\ISIC_0025089.jpg,Squamous cell carcinoma,test,-1,600,450,1.3333333333333333
data\Split_smol\train\Melanocytic nevus\ISIC_0000116_downsampled.jpg,Melanocytic nevus,test,-1,1024,768,1.3333333333333333
data\Split_smol\train\Squamous cell carcinoma\ISIC_0026466.jpg,Squamous cell carcinoma,test,-1,600,450,1.3333333333333333
data\Split_smol\train\Dermatofibroma\ISIC_0027876.jpg,Dermatofibroma,test,-1,600,450,1.3333333333333333
data\Split_smol\val\Vascular lesion\ISIC_0028163.jpg,Vascular lesion,test,-1,600,450,1.3333333333333333
data\Split_smol\train\Melanoma\ISIC_0000143_downsampled.jpg,Melanoma,test,-1,1024,768,1.3333333333333333
data\Split_smol\train\Tinea Ringworm Candidiasis\aug_0_afp20030101p101-f1.jpg,Tinea Ringworm Candidiasis,test,-1,177,189,0.9365079365079365
data\Split_smol\train\Melanocytic nevus\ISIC_0000112_downsampled.jpg,Melanocytic nevus,test,-1,1024,768,1.3333333333333333
data\Split_smol\train\Benign keratosis\ISIC_0014643_downsampled.jpg,Benign keratosis,test,-1,1024,764,1.3403141361256545
data\Split_smol\train\Melanoma\ISIC_0000162.jpg,Melanoma,test,-1,964,640,1.50625
data\Split_smol\val\Vascular lesion\ISIC_0027983.jpg,Vascular lesion,test,-1,600,450,1.3333333333333333
data\Split_smol\val\Melanocytic nevus\ISIC_0000057_downsampled.jpg,Melanocytic nevus,test,-1,1024,768,1.3333333333333333
data\Split_smol\val\Benign keratosis\ISIC_0014622_downsampled.jpg,Benign keratosis,test,-1,1024,764,1.3403141361256545
data\Split_smol\train\Melanocytic nevus\ISIC_0000042_downsampled.jpg,Melanocytic nevus,test,-1,1024,768,1.3333333333333333
data\Split_smol\train\Atopic Dermatitis\1_25.jpg,Atopic Dermatitis,test,-1,294,222,1.3243243243243243
data\Split_smol\val\Squamous cell carcinoma\ISIC_0025247.jpg,Squamous cell carcinoma,test,-1,600,450,1.3333333333333333
data\Split_smol\train\Dermatofibroma\ISIC_0033554.jpg,Dermatofibroma,test,-1,600,450,1.3333333333333333
data\Split_smol\train\Vascular lesion\ISIC_0031217.jpg,Vascular lesion,test,-1,600,450,1.3333333333333333
data\Split_smol\train\Melanocytic nevus\ISIC_0000068.jpg,Melanocytic nevus,test,-1,962,722,1.332409972299169
data\Split_smol\train\Benign keratosis\ISIC_0014610_downsampled.jpg,Benign keratosis,test,-1,1024,764,1.3403141361256545
data\Split_smol\train\Melanoma\ISIC_0000511.jpg,Melanoma,test,-1,919,802,1.1458852867830425
data\Split_smol\train\Squamous cell carcinoma\ISIC_0025264.jpg,Squamous cell carcinoma,test,-1,600,450,1.3333333333333333
data\Split_smol\train\Squamous cell carcinoma\ISIC_0026319.jpg,Squamous cell carcinoma,test,-1,600,450,1.3333333333333333
data\Split_smol\train\Melanocytic nevus\ISIC_0000110_downsampled.jpg,Melanocytic nevus,test,-1,1024,768,1.3333333333333333
data\Split_smol\train\Actinic keratosis\ISIC_0031335.jpg,Actinic keratosis,test,-1,600,450,1.3333333333333333
data\Split_smol\train\Actinic keratosis\ISIC_0029460.jpg,Actinic keratosis,test,-1,600,450,1.3333333333333333
data\Split_smol\train\Atopic Dermatitis\2_8.jpg,Atopic Dermatitis,test,-1,294,222,1.3243243243243243
data\Split_smol\train\Benign keratosis\ISIC_0015112_downsampled.jpg,Benign keratosis,test,-1,1024,682,1.501466275659824
